{
    "_allocate_inputs": 4,
    "_allocate_outputs": 4,
    "cli_parameters": "generate --target stm32f4 --name deep -m C:/Users/vaspa/Downloads/deepfake_detection_quantized.tflite --compression none --verbosity 1 --workspace C:/Users/vaspa/AppData/Local/Temp/mxAI_workspace2664232401393009464034553559324805 --output C:/Users/vaspa/.stm32cubemx/deep_output",
    "cli_version": {
        "extra": "20049",
        "major": 2,
        "micro": 0,
        "minor": 0
    },
    "cli_version_str": "2.0.0-20049",
    "code_size": 0,
    "compression": [],
    "date_time": "2025-04-18T02:40:04+0530",
    "error": 0,
    "error_str": [],
    "exec_cmd": "generate",
    "exec_duration": 0.0,
    "hash": "0x8ca60c20bb15ac140b6348fcd929ba87",
    "inputs": [
        "serving_default_keras_tensor_260"
    ],
    "layers": [
        {
            "c_id": [
                0
            ],
            "extras": {
                "n_macc": 0,
                "n_params": 0,
                "psize": 0,
                "rom_output": {
                    "c_size": 27648,
                    "fmt": {
                        "format": "u8"
                    },
                    "shape": [
                        96,
                        3,
                        96
                    ]
                },
                "rom_size": 0
            },
            "id": 0,
            "inputs": [],
            "name": "serving_default_keras_tensor_260",
            "original": "",
            "type": "Input"
        },
        {
            "c_id": [],
            "extras": {
                "n_macc": 55296,
                "n_params": 0,
                "psize": 0,
                "rom_output": {
                    "c_size": 27648,
                    "fmt": {
                        "format": "s8"
                    },
                    "shape": [
                        96,
                        3,
                        96
                    ]
                },
                "rom_size": 0
            },
            "id": 0,
            "inputs": [
                "serving_default_keras_tensor_260"
            ],
            "name": "conversion_0",
            "original": "QUANTIZE",
            "type": "Conversion"
        },
        {
            "c_id": [
                1,
                2
            ],
            "extras": {
                "n_macc": 248835,
                "n_params": 30,
                "psize": 39,
                "rom_output": {
                    "c_size": 27648,
                    "fmt": {
                        "format": "s8"
                    },
                    "shape": [
                        96,
                        3,
                        96
                    ]
                },
                "rom_size": 39
            },
            "id": 1,
            "inputs": [
                "conversion_0"
            ],
            "name": "conv2d_1",
            "original": "DEPTHWISE_CONV_2D",
            "type": "Conv2D"
        },
        {
            "c_id": [
                3
            ],
            "extras": {
                "n_macc": 221192,
                "n_params": 32,
                "psize": 56,
                "rom_output": {
                    "c_size": 73728,
                    "fmt": {
                        "format": "s8"
                    },
                    "shape": [
                        96,
                        8,
                        96
                    ]
                },
                "rom_size": 56
            },
            "id": 2,
            "inputs": [
                "conv2d_1"
            ],
            "name": "conv2d_2",
            "original": "CONV_2D",
            "type": "Conv2D"
        },
        {
            "c_id": [],
            "extras": {
                "n_macc": 73728,
                "n_params": 0,
                "psize": 0,
                "rom_size": 0
            },
            "id": 2,
            "inputs": [
                "conv2d_2"
            ],
            "name": "nl_2_nl",
            "original": "CONV_2D",
            "type": "Nonlinearity"
        },
        {
            "c_id": [
                4
            ],
            "extras": {
                "n_macc": 73728,
                "n_params": 0,
                "psize": 0,
                "rom_output": {
                    "c_size": 18432,
                    "fmt": {
                        "format": "s8"
                    },
                    "shape": [
                        48,
                        8,
                        48
                    ]
                },
                "rom_size": 0
            },
            "id": 3,
            "inputs": [
                "nl_2_nl"
            ],
            "name": "pool_3",
            "original": "MAX_POOL_2D",
            "type": "Pool"
        },
        {
            "c_id": [
                5,
                6
            ],
            "extras": {
                "n_macc": 165896,
                "n_params": 80,
                "psize": 104,
                "rom_output": {
                    "c_size": 18432,
                    "fmt": {
                        "format": "s8"
                    },
                    "shape": [
                        48,
                        8,
                        48
                    ]
                },
                "rom_size": 104
            },
            "id": 4,
            "inputs": [
                "pool_3"
            ],
            "name": "conv2d_4",
            "original": "DEPTHWISE_CONV_2D",
            "type": "Conv2D"
        },
        {
            "c_id": [
                7
            ],
            "extras": {
                "n_macc": 294928,
                "n_params": 144,
                "psize": 192,
                "rom_output": {
                    "c_size": 36864,
                    "fmt": {
                        "format": "s8"
                    },
                    "shape": [
                        48,
                        16,
                        48
                    ]
                },
                "rom_size": 192
            },
            "id": 5,
            "inputs": [
                "conv2d_4"
            ],
            "name": "conv2d_5",
            "original": "CONV_2D",
            "type": "Conv2D"
        },
        {
            "c_id": [],
            "extras": {
                "n_macc": 36864,
                "n_params": 0,
                "psize": 0,
                "rom_size": 0
            },
            "id": 5,
            "inputs": [
                "conv2d_5"
            ],
            "name": "nl_5_nl",
            "original": "CONV_2D",
            "type": "Nonlinearity"
        },
        {
            "c_id": [
                8
            ],
            "extras": {
                "n_macc": 36864,
                "n_params": 0,
                "psize": 0,
                "rom_output": {
                    "c_size": 9216,
                    "fmt": {
                        "format": "s8"
                    },
                    "shape": [
                        24,
                        16,
                        24
                    ]
                },
                "rom_size": 0
            },
            "id": 6,
            "inputs": [
                "nl_5_nl"
            ],
            "name": "pool_6",
            "original": "MAX_POOL_2D",
            "type": "Pool"
        },
        {
            "c_id": [
                9,
                10
            ],
            "extras": {
                "n_macc": 82960,
                "n_params": 160,
                "psize": 208,
                "rom_output": {
                    "c_size": 9216,
                    "fmt": {
                        "format": "s8"
                    },
                    "shape": [
                        24,
                        16,
                        24
                    ]
                },
                "rom_size": 208
            },
            "id": 7,
            "inputs": [
                "pool_6"
            ],
            "name": "conv2d_7",
            "original": "DEPTHWISE_CONV_2D",
            "type": "Conv2D"
        },
        {
            "c_id": [
                11
            ],
            "extras": {
                "n_macc": 294944,
                "n_params": 544,
                "psize": 640,
                "rom_output": {
                    "c_size": 18432,
                    "fmt": {
                        "format": "s8"
                    },
                    "shape": [
                        24,
                        32,
                        24
                    ]
                },
                "rom_size": 640
            },
            "id": 8,
            "inputs": [
                "conv2d_7"
            ],
            "name": "conv2d_8",
            "original": "CONV_2D",
            "type": "Conv2D"
        },
        {
            "c_id": [],
            "extras": {
                "n_macc": 18432,
                "n_params": 0,
                "psize": 0,
                "rom_size": 0
            },
            "id": 8,
            "inputs": [
                "conv2d_8"
            ],
            "name": "nl_8_nl",
            "original": "CONV_2D",
            "type": "Nonlinearity"
        },
        {
            "c_id": [
                12
            ],
            "extras": {
                "n_macc": 18432,
                "n_params": 0,
                "psize": 0,
                "rom_output": {
                    "c_size": 4608,
                    "fmt": {
                        "format": "s8"
                    },
                    "shape": [
                        12,
                        32,
                        12
                    ]
                },
                "rom_size": 0
            },
            "id": 9,
            "inputs": [
                "nl_8_nl"
            ],
            "name": "pool_9",
            "original": "MAX_POOL_2D",
            "type": "Pool"
        },
        {
            "c_id": [
                13
            ],
            "extras": {
                "n_macc": 4608,
                "n_params": 0,
                "psize": 0,
                "rom_output": {
                    "c_size": 32,
                    "fmt": {
                        "format": "s8"
                    },
                    "shape": [
                        1,
                        32,
                        1
                    ]
                },
                "rom_size": 0
            },
            "id": 10,
            "inputs": [
                "pool_9"
            ],
            "name": "pool_10",
            "original": "MEAN",
            "type": "Pool"
        },
        {
            "c_id": [],
            "extras": {
                "n_macc": 0,
                "n_params": 0,
                "psize": 0,
                "rom_size": 0
            },
            "id": 10,
            "inputs": [
                "pool_10"
            ],
            "name": "reshape_10_reshape",
            "original": "MEAN",
            "type": "Reshape"
        },
        {
            "c_id": [
                14
            ],
            "extras": {
                "n_macc": 0,
                "n_params": 512,
                "psize": 512,
                "rom_size": 576
            },
            "id": 11,
            "inputs": [],
            "name": "tfl_pseudo_qconst3",
            "original": "",
            "type": "Placeholder"
        },
        {
            "c_id": [],
            "extras": {
                "n_macc": 0,
                "n_params": 16,
                "psize": 64,
                "rom_size": 0
            },
            "id": 11,
            "inputs": [],
            "name": "tfl_pseudo_qconst2",
            "original": "",
            "type": "Placeholder"
        },
        {
            "c_id": [],
            "extras": {
                "n_macc": 528,
                "n_params": 0,
                "psize": 0,
                "rom_output": {
                    "c_size": 16,
                    "fmt": {
                        "format": "s8"
                    },
                    "shape": [
                        16
                    ]
                },
                "rom_size": 0
            },
            "id": 11,
            "inputs": [
                "reshape_10_reshape",
                "tfl_pseudo_qconst3",
                "tfl_pseudo_qconst2"
            ],
            "name": "gemm_11",
            "original": "FULLY_CONNECTED",
            "type": "Gemm"
        },
        {
            "c_id": [],
            "extras": {
                "n_macc": 16,
                "n_params": 0,
                "psize": 0,
                "rom_size": 0
            },
            "id": 11,
            "inputs": [
                "gemm_11"
            ],
            "name": "nl_11_nl",
            "original": "FULLY_CONNECTED",
            "type": "Nonlinearity"
        },
        {
            "c_id": [
                15
            ],
            "extras": {
                "n_macc": 0,
                "n_params": 16,
                "psize": 16,
                "rom_size": 20
            },
            "id": 12,
            "inputs": [],
            "name": "tfl_pseudo_qconst1",
            "original": "",
            "type": "Placeholder"
        },
        {
            "c_id": [],
            "extras": {
                "n_macc": 0,
                "n_params": 1,
                "psize": 4,
                "rom_size": 0
            },
            "id": 12,
            "inputs": [],
            "name": "tfl_pseudo_qconst",
            "original": "",
            "type": "Placeholder"
        },
        {
            "c_id": [],
            "extras": {
                "n_macc": 17,
                "n_params": 0,
                "psize": 0,
                "rom_output": {
                    "c_size": 1,
                    "fmt": {
                        "format": "s8"
                    },
                    "shape": [
                        1
                    ]
                },
                "rom_size": 0
            },
            "id": 12,
            "inputs": [
                "nl_11_nl",
                "tfl_pseudo_qconst1",
                "tfl_pseudo_qconst"
            ],
            "name": "gemm_12",
            "original": "FULLY_CONNECTED",
            "type": "Gemm"
        },
        {
            "c_id": [
                16
            ],
            "extras": {
                "n_macc": 10,
                "n_params": 0,
                "psize": 0,
                "rom_output": {
                    "c_size": 1,
                    "fmt": {
                        "format": "s8"
                    },
                    "shape": [
                        1
                    ]
                },
                "rom_size": 0
            },
            "id": 13,
            "inputs": [
                "gemm_12"
            ],
            "name": "nl_13",
            "original": "LOGISTIC",
            "type": "Nonlinearity"
        },
        {
            "c_id": [
                17
            ],
            "extras": {
                "n_macc": 2,
                "n_params": 0,
                "psize": 0,
                "rom_output": {
                    "c_size": 1,
                    "fmt": {
                        "format": "u8"
                    },
                    "shape": [
                        1
                    ]
                },
                "rom_size": 0
            },
            "id": 14,
            "inputs": [
                "nl_13"
            ],
            "name": "conversion_14",
            "original": "QUANTIZE",
            "type": "Conversion"
        }
    ],
    "model_files": [
        "C:\\Users\\vaspa\\Downloads\\deepfake_detection_quantized.tflite"
    ],
    "model_n_params": 1535,
    "model_name": "deepfake_detection_quantized",
    "model_size": 1835,
    "model_type": "tflite",
    "name": "deep",
    "outputs": [
        "conversion_14"
    ],
    "ram_io_size": [
        0,
        0
    ],
    "ram_size": 74588,
    "report_version": 1.1,
    "rom_cfact": 1.0,
    "rom_heap_inspector": 2048,
    "rom_inputs": [
        {
            "c_size": 27648,
            "c_type": "u8",
            "name": "serving_default_keras_tensor_260"
        }
    ],
    "rom_n_macc": 1498231,
    "rom_outputs": [
        {
            "c_size": 1,
            "c_type": "u8",
            "name": "conversion_14"
        }
    ],
    "rom_size": 1836,
    "strategy": "",
    "tools_api_version": "2.0.0-20049",
    "tools_version": "2.0.0-20049",
    "val_error": -1.0,
    "val_error_desc": "None (None) #-1",
    "val_metrics": []
}