{
  "buffers": [
    {
      "alignment": 4,
      "batch": 0,
      "channel_first": true,
      "channel_last": true,
      "epochs": {
        "end": 1,
        "start": 0
      },
      "flags": "STAI_FLAG_WEIGHTS|STAI_FLAG_CONST|STAI_FLAG_PREALLOCATED",
      "format": "STAI_FORMAT_S32",
      "id": 261,
      "intq": {},
      "is_param": true,
      "mpool_id": 1,
      "name": "conv2d_1_bias_array",
      "nbits": 32,
      "offset_start": 28,
      "qmn": {},
      "shape": [
        3
      ],
      "shape_map": [
        "CH"
      ],
      "size_bytes": 12
    },
    {
      "alignment": 4,
      "batch": 0,
      "channel_first": false,
      "channel_last": true,
      "epochs": {
        "end": 13,
        "start": 8
      },
      "flags": "STAI_FLAG_PREALLOCATED|STAI_FLAG_ACTIVATIONS",
      "format": "STAI_FORMAT_S8",
      "id": 226,
      "intq": {
        "axis": 2,
        "offsets": [
          62
        ],
        "scales": [
          4.4601149559021
        ]
      },
      "is_param": false,
      "mpool_id": 0,
      "name": "conv2d_1_output_array",
      "nbits": 8,
      "offset_start": 46848,
      "qmn": {},
      "shape": [
        96,
        96,
        3
      ],
      "shape_map": [
        "H",
        "W",
        "CH"
      ],
      "size_bytes": 27648
    },
    {
      "alignment": 4,
      "batch": 0,
      "channel_first": false,
      "channel_last": true,
      "epochs": {
        "end": 9,
        "start": 5
      },
      "flags": "STAI_FLAG_PREALLOCATED|STAI_FLAG_ACTIVATIONS",
      "format": "STAI_FORMAT_S8",
      "id": 224,
      "intq": {
        "axis": 2,
        "offsets": [
          -128
        ],
        "scales": [
          1.0
        ]
      },
      "is_param": false,
      "mpool_id": 0,
      "name": "conv2d_1_pad_before_output_array",
      "nbits": 8,
      "offset_start": 17920,
      "qmn": {},
      "shape": [
        98,
        98,
        3
      ],
      "shape_map": [
        "H",
        "W",
        "CH"
      ],
      "size_bytes": 28813
    },
    {
      "alignment": 4,
      "batch": 0,
      "channel_first": false,
      "channel_last": true,
      "epochs": {
        "end": 10,
        "start": 7
      },
      "flags": "STAI_FLAG_PREALLOCATED|STAI_FLAG_ACTIVATIONS|STAI_FLAG_SCRATCHS",
      "format": "STAI_FORMAT_S8",
      "id": 309,
      "intq": {},
      "is_param": false,
      "mpool_id": 0,
      "name": "conv2d_1_scratch0_array",
      "nbits": 8,
      "offset_start": 46736,
      "qmn": {},
      "shape": [
        1,
        1,
        112,
        1
      ],
      "shape_map": [
        "H",
        "W",
        "CH",
        "CH_IN"
      ],
      "size_bytes": 112
    },
    {
      "alignment": 4,
      "batch": 0,
      "channel_first": true,
      "channel_last": false,
      "epochs": {
        "end": 1,
        "start": 0
      },
      "flags": "STAI_FLAG_WEIGHTS|STAI_FLAG_CONST|STAI_FLAG_PREALLOCATED",
      "format": "STAI_FORMAT_S8",
      "id": 258,
      "intq": {
        "axis": 3,
        "offsets": [
          0,
          0,
          0
        ],
        "scales": [
          0.004081656225025654,
          0.004437102470546961,
          0.005644471850246191
        ]
      },
      "is_param": true,
      "mpool_id": 1,
      "name": "conv2d_1_weights_array",
      "nbits": 8,
      "offset_start": 0,
      "qmn": {},
      "shape": [
        1,
        3,
        3,
        3
      ],
      "shape_map": [
        "CH",
        "H",
        "W",
        "CH_IN"
      ],
      "size_bytes": 27
    },
    {
      "alignment": 4,
      "batch": 0,
      "channel_first": true,
      "channel_last": true,
      "epochs": {
        "end": 1,
        "start": 0
      },
      "flags": "STAI_FLAG_WEIGHTS|STAI_FLAG_CONST|STAI_FLAG_PREALLOCATED",
      "format": "STAI_FORMAT_S32",
      "id": 267,
      "intq": {},
      "is_param": true,
      "mpool_id": 1,
      "name": "conv2d_2_bias_array",
      "nbits": 32,
      "offset_start": 64,
      "qmn": {},
      "shape": [
        8
      ],
      "shape_map": [
        "CH"
      ],
      "size_bytes": 32
    },
    {
      "alignment": 4,
      "batch": 0,
      "channel_first": false,
      "channel_last": true,
      "epochs": {
        "end": 16,
        "start": 12
      },
      "flags": "STAI_FLAG_PREALLOCATED|STAI_FLAG_ACTIVATIONS",
      "format": "STAI_FORMAT_S8",
      "id": 228,
      "intq": {
        "axis": 2,
        "offsets": [
          -128
        ],
        "scales": [
          6.784325122833252
        ]
      },
      "is_param": false,
      "mpool_id": 0,
      "name": "conv2d_2_output_array",
      "nbits": 8,
      "offset_start": 0,
      "qmn": {},
      "shape": [
        96,
        96,
        8
      ],
      "shape_map": [
        "H",
        "W",
        "CH"
      ],
      "size_bytes": 73728
    },
    {
      "alignment": 4,
      "batch": 0,
      "channel_first": false,
      "channel_last": true,
      "epochs": {
        "end": 14,
        "start": 11
      },
      "flags": "STAI_FLAG_PREALLOCATED|STAI_FLAG_ACTIVATIONS|STAI_FLAG_SCRATCHS",
      "format": "STAI_FORMAT_S8",
      "id": 315,
      "intq": {},
      "is_param": false,
      "mpool_id": 0,
      "name": "conv2d_2_scratch0_array",
      "nbits": 8,
      "offset_start": 74496,
      "qmn": {},
      "shape": [
        1,
        1,
        92,
        1
      ],
      "shape_map": [
        "H",
        "W",
        "CH",
        "CH_IN"
      ],
      "size_bytes": 92
    },
    {
      "alignment": 4,
      "batch": 0,
      "channel_first": true,
      "channel_last": false,
      "epochs": {
        "end": 1,
        "start": 0
      },
      "flags": "STAI_FLAG_WEIGHTS|STAI_FLAG_CONST|STAI_FLAG_PREALLOCATED",
      "format": "STAI_FORMAT_S8",
      "id": 264,
      "intq": {
        "axis": 3,
        "offsets": [
          0,
          0,
          0,
          0,
          0,
          0,
          0,
          0
        ],
        "scales": [
          0.0056259892880916595,
          0.007978430017828941,
          0.00407471414655447,
          0.00931591633707285,
          0.010247851721942425,
          0.005954062566161156,
          0.014734312891960144,
          0.007357026915997267
        ]
      },
      "is_param": true,
      "mpool_id": 1,
      "name": "conv2d_2_weights_array",
      "nbits": 8,
      "offset_start": 40,
      "qmn": {},
      "shape": [
        8,
        1,
        1,
        3
      ],
      "shape_map": [
        "CH",
        "H",
        "W",
        "CH_IN"
      ],
      "size_bytes": 24
    },
    {
      "alignment": 4,
      "batch": 0,
      "channel_first": true,
      "channel_last": true,
      "epochs": {
        "end": 1,
        "start": 0
      },
      "flags": "STAI_FLAG_WEIGHTS|STAI_FLAG_CONST|STAI_FLAG_PREALLOCATED",
      "format": "STAI_FORMAT_S32",
      "id": 273,
      "intq": {},
      "is_param": true,
      "mpool_id": 1,
      "name": "conv2d_4_bias_array",
      "nbits": 32,
      "offset_start": 168,
      "qmn": {},
      "shape": [
        8
      ],
      "shape_map": [
        "CH"
      ],
      "size_bytes": 32
    },
    {
      "alignment": 4,
      "batch": 0,
      "channel_first": false,
      "channel_last": true,
      "epochs": {
        "end": 25,
        "start": 20
      },
      "flags": "STAI_FLAG_PREALLOCATED|STAI_FLAG_ACTIVATIONS",
      "format": "STAI_FORMAT_S8",
      "id": 234,
      "intq": {
        "axis": 2,
        "offsets": [
          3
        ],
        "scales": [
          17.53484535217285
        ]
      },
      "is_param": false,
      "mpool_id": 0,
      "name": "conv2d_4_output_array",
      "nbits": 8,
      "offset_start": 38432,
      "qmn": {},
      "shape": [
        48,
        48,
        8
      ],
      "shape_map": [
        "H",
        "W",
        "CH"
      ],
      "size_bytes": 18432
    },
    {
      "alignment": 4,
      "batch": 0,
      "channel_first": false,
      "channel_last": true,
      "epochs": {
        "end": 21,
        "start": 17
      },
      "flags": "STAI_FLAG_PREALLOCATED|STAI_FLAG_ACTIVATIONS",
      "format": "STAI_FORMAT_S8",
      "id": 232,
      "intq": {
        "axis": 2,
        "offsets": [
          -128
        ],
        "scales": [
          6.784325122833252
        ]
      },
      "is_param": false,
      "mpool_id": 0,
      "name": "conv2d_4_pad_before_output_array",
      "nbits": 8,
      "offset_start": 18432,
      "qmn": {},
      "shape": [
        50,
        50,
        8
      ],
      "shape_map": [
        "H",
        "W",
        "CH"
      ],
      "size_bytes": 20000
    },
    {
      "alignment": 4,
      "batch": 0,
      "channel_first": false,
      "channel_last": true,
      "epochs": {
        "end": 22,
        "start": 19
      },
      "flags": "STAI_FLAG_PREALLOCATED|STAI_FLAG_ACTIVATIONS|STAI_FLAG_SCRATCHS",
      "format": "STAI_FORMAT_S8",
      "id": 321,
      "intq": {},
      "is_param": false,
      "mpool_id": 0,
      "name": "conv2d_4_scratch0_array",
      "nbits": 8,
      "offset_start": 0,
      "qmn": {},
      "shape": [
        1,
        1,
        297,
        1
      ],
      "shape_map": [
        "H",
        "W",
        "CH",
        "CH_IN"
      ],
      "size_bytes": 297
    },
    {
      "alignment": 4,
      "batch": 0,
      "channel_first": true,
      "channel_last": false,
      "epochs": {
        "end": 1,
        "start": 0
      },
      "flags": "STAI_FLAG_WEIGHTS|STAI_FLAG_CONST|STAI_FLAG_PREALLOCATED",
      "format": "STAI_FORMAT_S8",
      "id": 270,
      "intq": {
        "axis": 3,
        "offsets": [
          0,
          0,
          0,
          0,
          0,
          0,
          0,
          0
        ],
        "scales": [
          0.005070643965154886,
          0.003438031766563654,
          0.004637734964489937,
          0.009748690761625767,
          0.004871791694313288,
          0.004112729802727699,
          0.005050037056207657,
          0.004769516177475452
        ]
      },
      "is_param": true,
      "mpool_id": 1,
      "name": "conv2d_4_weights_array",
      "nbits": 8,
      "offset_start": 96,
      "qmn": {},
      "shape": [
        1,
        3,
        3,
        8
      ],
      "shape_map": [
        "CH",
        "H",
        "W",
        "CH_IN"
      ],
      "size_bytes": 72
    },
    {
      "alignment": 4,
      "batch": 0,
      "channel_first": true,
      "channel_last": true,
      "epochs": {
        "end": 1,
        "start": 0
      },
      "flags": "STAI_FLAG_WEIGHTS|STAI_FLAG_CONST|STAI_FLAG_PREALLOCATED",
      "format": "STAI_FORMAT_S32",
      "id": 279,
      "intq": {},
      "is_param": true,
      "mpool_id": 1,
      "name": "conv2d_5_bias_array",
      "nbits": 32,
      "offset_start": 328,
      "qmn": {},
      "shape": [
        16
      ],
      "shape_map": [
        "CH"
      ],
      "size_bytes": 64
    },
    {
      "alignment": 4,
      "batch": 0,
      "channel_first": false,
      "channel_last": true,
      "epochs": {
        "end": 28,
        "start": 24
      },
      "flags": "STAI_FLAG_PREALLOCATED|STAI_FLAG_ACTIVATIONS",
      "format": "STAI_FORMAT_S8",
      "id": 236,
      "intq": {
        "axis": 2,
        "offsets": [
          -128
        ],
        "scales": [
          10.515788078308105
        ]
      },
      "is_param": false,
      "mpool_id": 0,
      "name": "conv2d_5_output_array",
      "nbits": 8,
      "offset_start": 192,
      "qmn": {},
      "shape": [
        48,
        48,
        16
      ],
      "shape_map": [
        "H",
        "W",
        "CH"
      ],
      "size_bytes": 36864
    },
    {
      "alignment": 4,
      "batch": 0,
      "channel_first": false,
      "channel_last": true,
      "epochs": {
        "end": 26,
        "start": 23
      },
      "flags": "STAI_FLAG_PREALLOCATED|STAI_FLAG_ACTIVATIONS|STAI_FLAG_SCRATCHS",
      "format": "STAI_FORMAT_S8",
      "id": 327,
      "intq": {},
      "is_param": false,
      "mpool_id": 0,
      "name": "conv2d_5_scratch0_array",
      "nbits": 8,
      "offset_start": 0,
      "qmn": {},
      "shape": [
        1,
        1,
        192,
        1
      ],
      "shape_map": [
        "H",
        "W",
        "CH",
        "CH_IN"
      ],
      "size_bytes": 192
    },
    {
      "alignment": 4,
      "batch": 0,
      "channel_first": true,
      "channel_last": false,
      "epochs": {
        "end": 1,
        "start": 0
      },
      "flags": "STAI_FLAG_WEIGHTS|STAI_FLAG_CONST|STAI_FLAG_PREALLOCATED",
      "format": "STAI_FORMAT_S8",
      "id": 276,
      "intq": {
        "axis": 3,
        "offsets": [
          0,
          0,
          0,
          0,
          0,
          0,
          0,
          0,
          0,
          0,
          0,
          0,
          0,
          0,
          0,
          0
        ],
        "scales": [
          0.0070069171488285065,
          0.007106803357601166,
          0.005328614264726639,
          0.00666137645021081,
          0.0033481516875326633,
          0.009093265980482101,
          0.008023484610021114,
          0.006571033038198948,
          0.006036934442818165,
          0.008382401429116726,
          0.005748815834522247,
          0.010978516191244125,
          0.007090077735483646,
          0.009114732965826988,
          0.0064545366913080215,
          0.006445680744946003
        ]
      },
      "is_param": true,
      "mpool_id": 1,
      "name": "conv2d_5_weights_array",
      "nbits": 8,
      "offset_start": 200,
      "qmn": {},
      "shape": [
        16,
        1,
        1,
        8
      ],
      "shape_map": [
        "CH",
        "H",
        "W",
        "CH_IN"
      ],
      "size_bytes": 128
    },
    {
      "alignment": 4,
      "batch": 0,
      "channel_first": true,
      "channel_last": true,
      "epochs": {
        "end": 1,
        "start": 0
      },
      "flags": "STAI_FLAG_WEIGHTS|STAI_FLAG_CONST|STAI_FLAG_PREALLOCATED",
      "format": "STAI_FORMAT_S32",
      "id": 285,
      "intq": {},
      "is_param": true,
      "mpool_id": 1,
      "name": "conv2d_7_bias_array",
      "nbits": 32,
      "offset_start": 536,
      "qmn": {},
      "shape": [
        16
      ],
      "shape_map": [
        "CH"
      ],
      "size_bytes": 64
    },
    {
      "alignment": 4,
      "batch": 0,
      "channel_first": false,
      "channel_last": true,
      "epochs": {
        "end": 37,
        "start": 32
      },
      "flags": "STAI_FLAG_PREALLOCATED|STAI_FLAG_ACTIVATIONS",
      "format": "STAI_FORMAT_S8",
      "id": 242,
      "intq": {
        "axis": 2,
        "offsets": [
          -25
        ],
        "scales": [
          49.3680419921875
        ]
      },
      "is_param": false,
      "mpool_id": 0,
      "name": "conv2d_7_output_array",
      "nbits": 8,
      "offset_start": 11412,
      "qmn": {},
      "shape": [
        24,
        24,
        16
      ],
      "shape_map": [
        "H",
        "W",
        "CH"
      ],
      "size_bytes": 9216
    },
    {
      "alignment": 4,
      "batch": 0,
      "channel_first": false,
      "channel_last": true,
      "epochs": {
        "end": 33,
        "start": 29
      },
      "flags": "STAI_FLAG_PREALLOCATED|STAI_FLAG_ACTIVATIONS",
      "format": "STAI_FORMAT_S8",
      "id": 240,
      "intq": {
        "axis": 2,
        "offsets": [
          -128
        ],
        "scales": [
          10.515788078308105
        ]
      },
      "is_param": false,
      "mpool_id": 0,
      "name": "conv2d_7_pad_before_output_array",
      "nbits": 8,
      "offset_start": 0,
      "qmn": {},
      "shape": [
        26,
        26,
        16
      ],
      "shape_map": [
        "H",
        "W",
        "CH"
      ],
      "size_bytes": 10816
    },
    {
      "alignment": 4,
      "batch": 0,
      "channel_first": false,
      "channel_last": true,
      "epochs": {
        "end": 34,
        "start": 31
      },
      "flags": "STAI_FLAG_PREALLOCATED|STAI_FLAG_ACTIVATIONS|STAI_FLAG_SCRATCHS",
      "format": "STAI_FORMAT_S8",
      "id": 333,
      "intq": {},
      "is_param": false,
      "mpool_id": 0,
      "name": "conv2d_7_scratch0_array",
      "nbits": 8,
      "offset_start": 10816,
      "qmn": {},
      "shape": [
        1,
        1,
        593,
        1
      ],
      "shape_map": [
        "H",
        "W",
        "CH",
        "CH_IN"
      ],
      "size_bytes": 593
    },
    {
      "alignment": 4,
      "batch": 0,
      "channel_first": true,
      "channel_last": false,
      "epochs": {
        "end": 1,
        "start": 0
      },
      "flags": "STAI_FLAG_WEIGHTS|STAI_FLAG_CONST|STAI_FLAG_PREALLOCATED",
      "format": "STAI_FORMAT_S8",
      "id": 282,
      "intq": {
        "axis": 3,
        "offsets": [
          0,
          0,
          0,
          0,
          0,
          0,
          0,
          0,
          0,
          0,
          0,
          0,
          0,
          0,
          0,
          0
        ],
        "scales": [
          0.007549547124654055,
          0.007426649797707796,
          0.004938765428960323,
          0.005650689825415611,
          0.003241830738261342,
          0.00633623031899333,
          0.0075274077244102955,
          0.007870244793593884,
          0.006189507432281971,
          0.005689216312021017,
          0.0033385735005140305,
          0.006944736931473017,
          0.00606231065467,
          0.003614424029365182,
          0.00437972042709589,
          0.012416488490998745
        ]
      },
      "is_param": true,
      "mpool_id": 1,
      "name": "conv2d_7_weights_array",
      "nbits": 8,
      "offset_start": 392,
      "qmn": {},
      "shape": [
        1,
        3,
        3,
        16
      ],
      "shape_map": [
        "CH",
        "H",
        "W",
        "CH_IN"
      ],
      "size_bytes": 144
    },
    {
      "alignment": 4,
      "batch": 0,
      "channel_first": true,
      "channel_last": true,
      "epochs": {
        "end": 1,
        "start": 0
      },
      "flags": "STAI_FLAG_WEIGHTS|STAI_FLAG_CONST|STAI_FLAG_PREALLOCATED",
      "format": "STAI_FORMAT_S32",
      "id": 291,
      "intq": {},
      "is_param": true,
      "mpool_id": 1,
      "name": "conv2d_8_bias_array",
      "nbits": 32,
      "offset_start": 1112,
      "qmn": {},
      "shape": [
        32
      ],
      "shape_map": [
        "CH"
      ],
      "size_bytes": 128
    },
    {
      "alignment": 4,
      "batch": 0,
      "channel_first": false,
      "channel_last": true,
      "epochs": {
        "end": 40,
        "start": 36
      },
      "flags": "STAI_FLAG_PREALLOCATED|STAI_FLAG_ACTIVATIONS",
      "format": "STAI_FORMAT_S8",
      "id": 244,
      "intq": {
        "axis": 2,
        "offsets": [
          -128
        ],
        "scales": [
          18.730628967285156
        ]
      },
      "is_param": false,
      "mpool_id": 0,
      "name": "conv2d_8_output_array",
      "nbits": 8,
      "offset_start": 20628,
      "qmn": {},
      "shape": [
        24,
        24,
        32
      ],
      "shape_map": [
        "H",
        "W",
        "CH"
      ],
      "size_bytes": 18432
    },
    {
      "alignment": 4,
      "batch": 0,
      "channel_first": false,
      "channel_last": true,
      "epochs": {
        "end": 38,
        "start": 35
      },
      "flags": "STAI_FLAG_PREALLOCATED|STAI_FLAG_ACTIVATIONS|STAI_FLAG_SCRATCHS",
      "format": "STAI_FORMAT_S8",
      "id": 339,
      "intq": {},
      "is_param": false,
      "mpool_id": 0,
      "name": "conv2d_8_scratch0_array",
      "nbits": 8,
      "offset_start": 0,
      "qmn": {},
      "shape": [
        1,
        1,
        384,
        1
      ],
      "shape_map": [
        "H",
        "W",
        "CH",
        "CH_IN"
      ],
      "size_bytes": 384
    },
    {
      "alignment": 4,
      "batch": 0,
      "channel_first": true,
      "channel_last": false,
      "epochs": {
        "end": 1,
        "start": 0
      },
      "flags": "STAI_FLAG_WEIGHTS|STAI_FLAG_CONST|STAI_FLAG_PREALLOCATED",
      "format": "STAI_FORMAT_S8",
      "id": 288,
      "intq": {
        "axis": 3,
        "offsets": [
          0,
          0,
          0,
          0,
          0,
          0,
          0,
          0,
          0,
          0,
          0,
          0,
          0,
          0,
          0,
          0,
          0,
          0,
          0,
          0,
          0,
          0,
          0,
          0,
          0,
          0,
          0,
          0,
          0,
          0,
          0,
          0
        ],
        "scales": [
          0.004266882780939341,
          0.004325938876718283,
          0.008495835587382317,
          0.003763834945857525,
          0.010528608225286007,
          0.005720579531043768,
          0.0064638289622962475,
          0.005000591278076172,
          0.013077853247523308,
          0.007369678001850843,
          0.00926284771412611,
          0.008180688135325909,
          0.005799777805805206,
          0.007442803122103214,
          0.008459125645458698,
          0.013272943906486034,
          0.01165242400020361,
          0.006566421128809452,
          0.005079061724245548,
          0.005824840161949396,
          0.012570326216518879,
          0.009434536099433899,
          0.00935119204223156,
          0.006812823936343193,
          0.009367261081933975,
          0.009832946583628654,
          0.008587383665144444,
          0.0061299982480704784,
          0.005628003738820553,
          0.0061762467958033085,
          0.006721557583659887,
          0.006809422746300697
        ]
      },
      "is_param": true,
      "mpool_id": 1,
      "name": "conv2d_8_weights_array",
      "nbits": 8,
      "offset_start": 600,
      "qmn": {},
      "shape": [
        32,
        1,
        1,
        16
      ],
      "shape_map": [
        "CH",
        "H",
        "W",
        "CH_IN"
      ],
      "size_bytes": 512
    },
    {
      "alignment": 4,
      "batch": 0,
      "channel_first": false,
      "channel_last": true,
      "epochs": {
        "end": 6,
        "start": 3
      },
      "flags": "STAI_FLAG_PREALLOCATED|STAI_FLAG_ACTIVATIONS",
      "format": "STAI_FORMAT_S8",
      "id": 222,
      "intq": {
        "axis": 2,
        "offsets": [
          -128
        ],
        "scales": [
          1.0
        ]
      },
      "is_param": false,
      "mpool_id": 0,
      "name": "conversion_0_output_array",
      "nbits": 8,
      "offset_start": 46736,
      "qmn": {},
      "shape": [
        96,
        96,
        3
      ],
      "shape_map": [
        "H",
        "W",
        "CH"
      ],
      "size_bytes": 27648
    },
    {
      "alignment": 4,
      "batch": 0,
      "channel_first": true,
      "channel_last": true,
      "epochs": {
        "end": 55,
        "start": 53
      },
      "flags": "STAI_FLAG_OUTPUTS|STAI_FLAG_PREALLOCATED|STAI_FLAG_ACTIVATIONS",
      "format": "STAI_FORMAT_U8",
      "id": 256,
      "intq": {
        "axis": 0,
        "offsets": [
          0
        ],
        "scales": [
          0.00390625
        ]
      },
      "is_param": false,
      "mpool_id": 0,
      "name": "conversion_14_output_array",
      "nbits": 8,
      "offset_start": 4,
      "qmn": {},
      "shape": [
        1
      ],
      "shape_map": [
        "CH"
      ],
      "size_bytes": 1
    },
    {
      "alignment": 4,
      "batch": 0,
      "channel_first": true,
      "channel_last": true,
      "epochs": {
        "end": 1,
        "start": 0
      },
      "flags": "STAI_FLAG_WEIGHTS|STAI_FLAG_CONST|STAI_FLAG_PREALLOCATED",
      "format": "STAI_FORMAT_S32",
      "id": 297,
      "intq": {},
      "is_param": true,
      "mpool_id": 1,
      "name": "gemm_11_bias_array",
      "nbits": 32,
      "offset_start": 1752,
      "qmn": {},
      "shape": [
        16
      ],
      "shape_map": [
        "CH"
      ],
      "size_bytes": 64
    },
    {
      "alignment": 4,
      "batch": 0,
      "channel_first": true,
      "channel_last": true,
      "epochs": {
        "end": 49,
        "start": 44
      },
      "flags": "STAI_FLAG_PREALLOCATED|STAI_FLAG_ACTIVATIONS",
      "format": "STAI_FORMAT_S8",
      "id": 250,
      "intq": {
        "axis": 0,
        "offsets": [
          -128
        ],
        "scales": [
          6.414129734039307
        ]
      },
      "is_param": false,
      "mpool_id": 0,
      "name": "gemm_11_output_array",
      "nbits": 8,
      "offset_start": 224,
      "qmn": {},
      "shape": [
        16
      ],
      "shape_map": [
        "CH"
      ],
      "size_bytes": 16
    },
    {
      "alignment": 4,
      "batch": 0,
      "channel_first": false,
      "channel_last": true,
      "epochs": {
        "end": 46,
        "start": 43
      },
      "flags": "STAI_FLAG_PREALLOCATED|STAI_FLAG_ACTIVATIONS|STAI_FLAG_SCRATCHS",
      "format": "STAI_FORMAT_S16",
      "id": 345,
      "intq": {},
      "is_param": false,
      "mpool_id": 0,
      "name": "gemm_11_scratch0_array",
      "nbits": 16,
      "offset_start": 0,
      "qmn": {},
      "shape": [
        1,
        1,
        112,
        1
      ],
      "shape_map": [
        "H",
        "W",
        "CH",
        "CH_IN"
      ],
      "size_bytes": 224
    },
    {
      "alignment": 4,
      "batch": 0,
      "channel_first": true,
      "channel_last": true,
      "epochs": {
        "end": 1,
        "start": 0
      },
      "flags": "STAI_FLAG_WEIGHTS|STAI_FLAG_CONST|STAI_FLAG_PREALLOCATED",
      "format": "STAI_FORMAT_S8",
      "id": 294,
      "intq": {
        "axis": 1,
        "offsets": [
          0,
          0,
          0,
          0,
          0,
          0,
          0,
          0,
          0,
          0,
          0,
          0,
          0,
          0,
          0,
          0
        ],
        "scales": [
          0.0026120622642338276,
          0.008299561217427254,
          0.007936407811939716,
          0.008002621121704578,
          0.010059471242129803,
          0.0034197389613837004,
          0.006598024163395166,
          0.015755649656057358,
          0.010434230789542198,
          0.0031740590929985046,
          0.009338468313217163,
          0.0027096602134406567,
          0.0027157124131917953,
          0.009679349139332771,
          0.007168521638959646,
          0.0029926649294793606
        ]
      },
      "is_param": true,
      "mpool_id": 1,
      "name": "gemm_11_weights_array",
      "nbits": 8,
      "offset_start": 1240,
      "qmn": {},
      "shape": [
        16,
        32
      ],
      "shape_map": [
        "CH",
        "CH_IN"
      ],
      "size_bytes": 512
    },
    {
      "alignment": 4,
      "batch": 0,
      "channel_first": true,
      "channel_last": true,
      "epochs": {
        "end": 1,
        "start": 0
      },
      "flags": "STAI_FLAG_WEIGHTS|STAI_FLAG_CONST|STAI_FLAG_PREALLOCATED",
      "format": "STAI_FORMAT_S32",
      "id": 303,
      "intq": {},
      "is_param": true,
      "mpool_id": 1,
      "name": "gemm_12_bias_array",
      "nbits": 32,
      "offset_start": 1832,
      "qmn": {},
      "shape": [
        1
      ],
      "shape_map": [
        "CH"
      ],
      "size_bytes": 4
    },
    {
      "alignment": 4,
      "batch": 0,
      "channel_first": true,
      "channel_last": true,
      "epochs": {
        "end": 52,
        "start": 48
      },
      "flags": "STAI_FLAG_PREALLOCATED|STAI_FLAG_ACTIVATIONS",
      "format": "STAI_FORMAT_S8",
      "id": 252,
      "intq": {
        "axis": 0,
        "offsets": [
          42
        ],
        "scales": [
          8.4516019821167
        ]
      },
      "is_param": false,
      "mpool_id": 0,
      "name": "gemm_12_output_array",
      "nbits": 8,
      "offset_start": 32,
      "qmn": {},
      "shape": [
        1
      ],
      "shape_map": [
        "CH"
      ],
      "size_bytes": 1
    },
    {
      "alignment": 4,
      "batch": 0,
      "channel_first": false,
      "channel_last": true,
      "epochs": {
        "end": 50,
        "start": 47
      },
      "flags": "STAI_FLAG_PREALLOCATED|STAI_FLAG_ACTIVATIONS|STAI_FLAG_SCRATCHS",
      "format": "STAI_FORMAT_S16",
      "id": 351,
      "intq": {},
      "is_param": false,
      "mpool_id": 0,
      "name": "gemm_12_scratch0_array",
      "nbits": 16,
      "offset_start": 0,
      "qmn": {},
      "shape": [
        1,
        1,
        16,
        1
      ],
      "shape_map": [
        "H",
        "W",
        "CH",
        "CH_IN"
      ],
      "size_bytes": 32
    },
    {
      "alignment": 4,
      "batch": 0,
      "channel_first": true,
      "channel_last": true,
      "epochs": {
        "end": 1,
        "start": 0
      },
      "flags": "STAI_FLAG_WEIGHTS|STAI_FLAG_CONST|STAI_FLAG_PREALLOCATED",
      "format": "STAI_FORMAT_S8",
      "id": 300,
      "intq": {
        "axis": 1,
        "offsets": [
          0
        ],
        "scales": [
          0.012006716802716255
        ]
      },
      "is_param": true,
      "mpool_id": 1,
      "name": "gemm_12_weights_array",
      "nbits": 8,
      "offset_start": 1816,
      "qmn": {},
      "shape": [
        1,
        16
      ],
      "shape_map": [
        "CH",
        "CH_IN"
      ],
      "size_bytes": 16
    },
    {
      "alignment": 4,
      "batch": 0,
      "channel_first": true,
      "channel_last": true,
      "epochs": {
        "end": 54,
        "start": 51
      },
      "flags": "STAI_FLAG_PREALLOCATED|STAI_FLAG_ACTIVATIONS",
      "format": "STAI_FORMAT_S8",
      "id": 254,
      "intq": {
        "axis": 0,
        "offsets": [
          -128
        ],
        "scales": [
          0.00390625
        ]
      },
      "is_param": false,
      "mpool_id": 0,
      "name": "nl_13_output_array",
      "nbits": 8,
      "offset_start": 0,
      "qmn": {},
      "shape": [
        1
      ],
      "shape_map": [
        "CH"
      ],
      "size_bytes": 1
    },
    {
      "alignment": 4,
      "batch": 0,
      "channel_first": false,
      "channel_last": true,
      "epochs": {
        "end": 45,
        "start": 41
      },
      "flags": "STAI_FLAG_PREALLOCATED|STAI_FLAG_ACTIVATIONS",
      "format": "STAI_FORMAT_S8",
      "id": 248,
      "intq": {
        "axis": 2,
        "offsets": [
          -128
        ],
        "scales": [
          6.439577579498291
        ]
      },
      "is_param": false,
      "mpool_id": 0,
      "name": "pool_10_output_array",
      "nbits": 8,
      "offset_start": 4608,
      "qmn": {},
      "shape": [
        1,
        1,
        32
      ],
      "shape_map": [
        "H",
        "W",
        "CH"
      ],
      "size_bytes": 32
    },
    {
      "alignment": 4,
      "batch": 0,
      "channel_first": false,
      "channel_last": true,
      "epochs": {
        "end": 18,
        "start": 15
      },
      "flags": "STAI_FLAG_PREALLOCATED|STAI_FLAG_ACTIVATIONS",
      "format": "STAI_FORMAT_S8",
      "id": 230,
      "intq": {
        "axis": 2,
        "offsets": [
          -128
        ],
        "scales": [
          6.784325122833252
        ]
      },
      "is_param": false,
      "mpool_id": 0,
      "name": "pool_3_output_array",
      "nbits": 8,
      "offset_start": 0,
      "qmn": {},
      "shape": [
        48,
        48,
        8
      ],
      "shape_map": [
        "H",
        "W",
        "CH"
      ],
      "size_bytes": 18432
    },
    {
      "alignment": 4,
      "batch": 0,
      "channel_first": false,
      "channel_last": true,
      "epochs": {
        "end": 30,
        "start": 27
      },
      "flags": "STAI_FLAG_PREALLOCATED|STAI_FLAG_ACTIVATIONS",
      "format": "STAI_FORMAT_S8",
      "id": 238,
      "intq": {
        "axis": 2,
        "offsets": [
          -128
        ],
        "scales": [
          10.515788078308105
        ]
      },
      "is_param": false,
      "mpool_id": 0,
      "name": "pool_6_output_array",
      "nbits": 8,
      "offset_start": 37056,
      "qmn": {},
      "shape": [
        24,
        24,
        16
      ],
      "shape_map": [
        "H",
        "W",
        "CH"
      ],
      "size_bytes": 9216
    },
    {
      "alignment": 4,
      "batch": 0,
      "channel_first": false,
      "channel_last": true,
      "epochs": {
        "end": 42,
        "start": 39
      },
      "flags": "STAI_FLAG_PREALLOCATED|STAI_FLAG_ACTIVATIONS",
      "format": "STAI_FORMAT_S8",
      "id": 246,
      "intq": {
        "axis": 2,
        "offsets": [
          -128
        ],
        "scales": [
          18.730628967285156
        ]
      },
      "is_param": false,
      "mpool_id": 0,
      "name": "pool_9_output_array",
      "nbits": 8,
      "offset_start": 0,
      "qmn": {},
      "shape": [
        12,
        12,
        32
      ],
      "shape_map": [
        "H",
        "W",
        "CH"
      ],
      "size_bytes": 4608
    },
    {
      "alignment": 4,
      "batch": 0,
      "channel_first": false,
      "channel_last": true,
      "epochs": {
        "end": 4,
        "start": 2
      },
      "flags": "STAI_FLAG_INPUTS|STAI_FLAG_PREALLOCATED|STAI_FLAG_ACTIVATIONS",
      "format": "STAI_FORMAT_U8",
      "id": 220,
      "intq": {
        "axis": 2,
        "offsets": [
          0
        ],
        "scales": [
          1.0
        ]
      },
      "is_param": false,
      "mpool_id": 0,
      "name": "serving_default_keras_tensor_260_output_array",
      "nbits": 8,
      "offset_start": 46736,
      "qmn": {},
      "shape": [
        96,
        96,
        3
      ],
      "shape_map": [
        "H",
        "W",
        "CH"
      ],
      "size_bytes": 27648
    }
  ],
  "environment": {
    "generated_model": {
      "generated_time": "2025-04-18T02:40:04+0530",
      "model_files": [
        {
          "name": "deep_data_params.h",
          "signature": "0xd1ce26a6984f2f38a3f66ac5f06d1edf"
        },
        {
          "name": "deep_data_params.c",
          "signature": "0x5b86570627e19b32bc16eafbb7ff2373"
        },
        {
          "name": "deep_data.h",
          "signature": "0xdcce852dae11b7fe9b7fef210faa38b9"
        },
        {
          "name": "deep_data.c",
          "signature": "0x70ebd77101db885fd112964240c100bc"
        },
        {
          "name": "deep_config.h",
          "signature": "0x1d50a939893cd034c962f5a4153df394"
        },
        {
          "name": "deep.h",
          "signature": "0x0b5d8c77cd062af8b26250437ff490dc"
        },
        {
          "name": "deep.c",
          "signature": "0xb77b24ca5f6cbf3dea7d04b4d047bda8"
        }
      ],
      "name": "deep"
    },
    "network_signature": "0x7c06f33506c088e7",
    "test_name": "",
    "tools": [
      {
        "arguments": "generate --target stm32f4 --name deep -m C:/Users/vaspa/Downloads/deepfake_detection_quantized.tflite --compression none --verbosity 1 --workspace C:/Users/vaspa/AppData/Local/Temp/mxAI_workspace2664232401393009464034553559324805 --output C:/Users/vaspa/.stm32cubemx/deep_output",
        "environment": [
          "STATS_TYPE=X-CUBE-AI"
        ],
        "input_model": {
          "model_files": [
            {
              "name": "deepfake_detection_quantized.tflite",
              "signature": "0x8ca60c20bb15ac140b6348fcd929ba87"
            }
          ],
          "n_params": 1535,
          "name": "deepfake_detection_quantized",
          "size": 1835,
          "type": "tflite"
        },
        "name": "ST.EdgeAI.Core",
        "version": "2.0.0-20049"
      }
    ]
  },
  "graphs": [
    {
      "edges": [
        {
          "buffer": 222,
          "edge_kind": "EDGE_MEMORY",
          "end": {
            "node_id": 26,
            "port": 0
          },
          "id": 0,
          "name": "n25-p0_n26-p0",
          "start": {
            "node_id": 25,
            "port": 0
          }
        },
        {
          "buffer": 224,
          "edge_kind": "EDGE_MEMORY",
          "end": {
            "node_id": 27,
            "port": 0
          },
          "id": 1,
          "name": "n26-p0_n27-p0",
          "start": {
            "node_id": 26,
            "port": 0
          }
        },
        {
          "buffer": 226,
          "edge_kind": "EDGE_MEMORY",
          "end": {
            "node_id": 28,
            "port": 0
          },
          "id": 2,
          "name": "n27-p0_n28-p0",
          "start": {
            "node_id": 27,
            "port": 0
          }
        },
        {
          "buffer": 228,
          "edge_kind": "EDGE_MEMORY",
          "end": {
            "node_id": 29,
            "port": 0
          },
          "id": 3,
          "name": "n28-p0_n29-p0",
          "start": {
            "node_id": 28,
            "port": 0
          }
        },
        {
          "buffer": 230,
          "edge_kind": "EDGE_MEMORY",
          "end": {
            "node_id": 30,
            "port": 0
          },
          "id": 4,
          "name": "n29-p0_n30-p0",
          "start": {
            "node_id": 29,
            "port": 0
          }
        },
        {
          "buffer": 232,
          "edge_kind": "EDGE_MEMORY",
          "end": {
            "node_id": 31,
            "port": 0
          },
          "id": 5,
          "name": "n30-p0_n31-p0",
          "start": {
            "node_id": 30,
            "port": 0
          }
        },
        {
          "buffer": 234,
          "edge_kind": "EDGE_MEMORY",
          "end": {
            "node_id": 32,
            "port": 0
          },
          "id": 6,
          "name": "n31-p0_n32-p0",
          "start": {
            "node_id": 31,
            "port": 0
          }
        },
        {
          "buffer": 236,
          "edge_kind": "EDGE_MEMORY",
          "end": {
            "node_id": 33,
            "port": 0
          },
          "id": 7,
          "name": "n32-p0_n33-p0",
          "start": {
            "node_id": 32,
            "port": 0
          }
        },
        {
          "buffer": 238,
          "edge_kind": "EDGE_MEMORY",
          "end": {
            "node_id": 34,
            "port": 0
          },
          "id": 8,
          "name": "n33-p0_n34-p0",
          "start": {
            "node_id": 33,
            "port": 0
          }
        },
        {
          "buffer": 240,
          "edge_kind": "EDGE_MEMORY",
          "end": {
            "node_id": 35,
            "port": 0
          },
          "id": 9,
          "name": "n34-p0_n35-p0",
          "start": {
            "node_id": 34,
            "port": 0
          }
        },
        {
          "buffer": 242,
          "edge_kind": "EDGE_MEMORY",
          "end": {
            "node_id": 36,
            "port": 0
          },
          "id": 10,
          "name": "n35-p0_n36-p0",
          "start": {
            "node_id": 35,
            "port": 0
          }
        },
        {
          "buffer": 244,
          "edge_kind": "EDGE_MEMORY",
          "end": {
            "node_id": 37,
            "port": 0
          },
          "id": 11,
          "name": "n36-p0_n37-p0",
          "start": {
            "node_id": 36,
            "port": 0
          }
        },
        {
          "buffer": 246,
          "edge_kind": "EDGE_MEMORY",
          "end": {
            "node_id": 38,
            "port": 0
          },
          "id": 12,
          "name": "n37-p0_n38-p0",
          "start": {
            "node_id": 37,
            "port": 0
          }
        },
        {
          "buffer": 248,
          "edge_kind": "EDGE_MEMORY",
          "end": {
            "node_id": 39,
            "port": 0
          },
          "id": 13,
          "name": "n38-p0_n39-p0",
          "start": {
            "node_id": 38,
            "port": 0
          }
        },
        {
          "buffer": 250,
          "edge_kind": "EDGE_MEMORY",
          "end": {
            "node_id": 40,
            "port": 0
          },
          "id": 14,
          "name": "n39-p0_n40-p0",
          "start": {
            "node_id": 39,
            "port": 0
          }
        },
        {
          "buffer": 252,
          "edge_kind": "EDGE_MEMORY",
          "end": {
            "node_id": 41,
            "port": 0
          },
          "id": 15,
          "name": "n40-p0_n41-p0",
          "start": {
            "node_id": 40,
            "port": 0
          }
        },
        {
          "buffer": 254,
          "edge_kind": "EDGE_MEMORY",
          "end": {
            "node_id": 42,
            "port": 0
          },
          "id": 16,
          "name": "n41-p0_n42-p0",
          "start": {
            "node_id": 41,
            "port": 0
          }
        }
      ],
      "id": 0,
      "inputs": [
        220
      ],
      "name": "deepfake_detection_quantized",
      "nodes": [
        {
          "attributes": {},
          "description": "Conversion",
          "id": 25,
          "inputs": [
            220
          ],
          "macc": 55296,
          "mapping": "NODE_SW",
          "name": "conversion_0",
          "original_nodes": [
            "0"
          ],
          "outputs": [
            222
          ],
          "scratchs": [],
          "subgraph_nodes": [],
          "sw_functions": [
            "node_convert_integer"
          ]
        },
        {
          "attributes": {
            "mode": "constant",
            "pad": "{H: (1, 1), W: (1, 1)}",
            "value": "(array(-128, dtype=int8), <AIFormatType.SIGNED: 4>)"
          },
          "description": "Pad",
          "id": 26,
          "inputs": [
            222
          ],
          "macc": 0,
          "mapping": "NODE_SW",
          "name": "conv2d_1_pad_before",
          "original_nodes": [
            "1"
          ],
          "outputs": [
            224
          ],
          "scratchs": [],
          "subgraph_nodes": [],
          "sw_functions": [
            "forward_pad"
          ]
        },
        {
          "attributes": {
            "dilation": "{H: 1, W: 1}",
            "filter_size": "(3, 3)",
            "groups": "3",
            "is_depthwise": "True",
            "is_grouped_conv": "False",
            "num_filters": "1",
            "pad": "{H: (0, 0), W: (0, 0)}",
            "stride": "(1, 1)",
            "use_bias": "True",
            "use_deep_kernels": "False"
          },
          "description": "Conv2D",
          "id": 27,
          "inputs": [
            224,
            258,
            261
          ],
          "macc": 248835,
          "mapping": "NODE_SW",
          "name": "conv2d_1",
          "original_nodes": [
            "1"
          ],
          "outputs": [
            226
          ],
          "scratchs": [
            309
          ],
          "subgraph_nodes": [],
          "sw_functions": [
            "forward_dw_3x3_sssa8_ch"
          ]
        },
        {
          "attributes": {
            "dilation": "{H: 1, W: 1}",
            "filter_size": "(1, 1)",
            "groups": "1",
            "is_depthwise": "False",
            "is_grouped_conv": "False",
            "num_filters": "8",
            "pad": "{H: (0, 0), W: (0, 0)}",
            "stride": "(1, 1)",
            "use_bias": "True",
            "use_deep_kernels": "False"
          },
          "description": "Conv2D",
          "id": 28,
          "inputs": [
            226,
            264,
            267
          ],
          "macc": 221192,
          "mapping": "NODE_SW",
          "name": "conv2d_2",
          "original_nodes": [
            "2"
          ],
          "outputs": [
            228
          ],
          "scratchs": [
            315
          ],
          "subgraph_nodes": [],
          "sw_functions": [
            "forward_pw_sssa8_ch"
          ]
        },
        {
          "attributes": {
            "ceil_mode": "floor",
            "pool_function": "max",
            "pool_pad": "{H: (0, 0), W: (0, 0)}",
            "pool_size": "(2, 2)",
            "pool_stride": "(2, 2)"
          },
          "description": "Pool",
          "id": 29,
          "inputs": [
            228
          ],
          "macc": 73728,
          "mapping": "NODE_SW",
          "name": "pool_3",
          "original_nodes": [
            "3"
          ],
          "outputs": [
            230
          ],
          "scratchs": [],
          "subgraph_nodes": [],
          "sw_functions": [
            "forward_mp_integer_INT8"
          ]
        },
        {
          "attributes": {
            "mode": "constant",
            "pad": "{H: (1, 1), W: (1, 1)}",
            "value": "(array(-128, dtype=int8), <AIFormatType.SIGNED: 4>)"
          },
          "description": "Pad",
          "id": 30,
          "inputs": [
            230
          ],
          "macc": 0,
          "mapping": "NODE_SW",
          "name": "conv2d_4_pad_before",
          "original_nodes": [
            "4"
          ],
          "outputs": [
            232
          ],
          "scratchs": [],
          "subgraph_nodes": [],
          "sw_functions": [
            "forward_pad"
          ]
        },
        {
          "attributes": {
            "dilation": "{H: 1, W: 1}",
            "filter_size": "(3, 3)",
            "groups": "8",
            "is_depthwise": "True",
            "is_grouped_conv": "False",
            "num_filters": "1",
            "pad": "{H: (0, 0), W: (0, 0)}",
            "stride": "(1, 1)",
            "use_bias": "True",
            "use_deep_kernels": "False"
          },
          "description": "Conv2D",
          "id": 31,
          "inputs": [
            232,
            270,
            273
          ],
          "macc": 165896,
          "mapping": "NODE_SW",
          "name": "conv2d_4",
          "original_nodes": [
            "4"
          ],
          "outputs": [
            234
          ],
          "scratchs": [
            321
          ],
          "subgraph_nodes": [],
          "sw_functions": [
            "forward_dw_3x3_sssa8_ch"
          ]
        },
        {
          "attributes": {
            "dilation": "{H: 1, W: 1}",
            "filter_size": "(1, 1)",
            "groups": "1",
            "is_depthwise": "False",
            "is_grouped_conv": "False",
            "num_filters": "16",
            "pad": "{H: (0, 0), W: (0, 0)}",
            "stride": "(1, 1)",
            "use_bias": "True",
            "use_deep_kernels": "False"
          },
          "description": "Conv2D",
          "id": 32,
          "inputs": [
            234,
            276,
            279
          ],
          "macc": 294928,
          "mapping": "NODE_SW",
          "name": "conv2d_5",
          "original_nodes": [
            "5"
          ],
          "outputs": [
            236
          ],
          "scratchs": [
            327
          ],
          "subgraph_nodes": [],
          "sw_functions": [
            "forward_pw_sssa8_ch"
          ]
        },
        {
          "attributes": {
            "ceil_mode": "floor",
            "pool_function": "max",
            "pool_pad": "{H: (0, 0), W: (0, 0)}",
            "pool_size": "(2, 2)",
            "pool_stride": "(2, 2)"
          },
          "description": "Pool",
          "id": 33,
          "inputs": [
            236
          ],
          "macc": 36864,
          "mapping": "NODE_SW",
          "name": "pool_6",
          "original_nodes": [
            "6"
          ],
          "outputs": [
            238
          ],
          "scratchs": [],
          "subgraph_nodes": [],
          "sw_functions": [
            "forward_mp_integer_INT8"
          ]
        },
        {
          "attributes": {
            "mode": "constant",
            "pad": "{H: (1, 1), W: (1, 1)}",
            "value": "(array(-128, dtype=int8), <AIFormatType.SIGNED: 4>)"
          },
          "description": "Pad",
          "id": 34,
          "inputs": [
            238
          ],
          "macc": 0,
          "mapping": "NODE_SW",
          "name": "conv2d_7_pad_before",
          "original_nodes": [
            "7"
          ],
          "outputs": [
            240
          ],
          "scratchs": [],
          "subgraph_nodes": [],
          "sw_functions": [
            "forward_pad"
          ]
        },
        {
          "attributes": {
            "dilation": "{H: 1, W: 1}",
            "filter_size": "(3, 3)",
            "groups": "16",
            "is_depthwise": "True",
            "is_grouped_conv": "False",
            "num_filters": "1",
            "pad": "{H: (0, 0), W: (0, 0)}",
            "stride": "(1, 1)",
            "use_bias": "True",
            "use_deep_kernels": "False"
          },
          "description": "Conv2D",
          "id": 35,
          "inputs": [
            240,
            282,
            285
          ],
          "macc": 82960,
          "mapping": "NODE_SW",
          "name": "conv2d_7",
          "original_nodes": [
            "7"
          ],
          "outputs": [
            242
          ],
          "scratchs": [
            333
          ],
          "subgraph_nodes": [],
          "sw_functions": [
            "forward_dw_3x3_sssa8_ch"
          ]
        },
        {
          "attributes": {
            "dilation": "{H: 1, W: 1}",
            "filter_size": "(1, 1)",
            "groups": "1",
            "is_depthwise": "False",
            "is_grouped_conv": "False",
            "num_filters": "32",
            "pad": "{H: (0, 0), W: (0, 0)}",
            "stride": "(1, 1)",
            "use_bias": "True",
            "use_deep_kernels": "True"
          },
          "description": "Conv2D",
          "id": 36,
          "inputs": [
            242,
            288,
            291
          ],
          "macc": 294944,
          "mapping": "NODE_SW",
          "name": "conv2d_8",
          "original_nodes": [
            "8"
          ],
          "outputs": [
            244
          ],
          "scratchs": [
            339
          ],
          "subgraph_nodes": [],
          "sw_functions": [
            "forward_pw_sssa8_ch"
          ]
        },
        {
          "attributes": {
            "ceil_mode": "floor",
            "pool_function": "max",
            "pool_pad": "{H: (0, 0), W: (0, 0)}",
            "pool_size": "(2, 2)",
            "pool_stride": "(2, 2)"
          },
          "description": "Pool",
          "id": 37,
          "inputs": [
            244
          ],
          "macc": 18432,
          "mapping": "NODE_SW",
          "name": "pool_9",
          "original_nodes": [
            "9"
          ],
          "outputs": [
            246
          ],
          "scratchs": [],
          "subgraph_nodes": [],
          "sw_functions": [
            "forward_mp_integer_INT8"
          ]
        },
        {
          "attributes": {
            "pool_function": "avg",
            "pool_pad": "{H: (0, 0), W: (0, 0)}",
            "pool_size": "[12, 12]",
            "pool_stride": "[12, 12]"
          },
          "description": "Pool",
          "id": 38,
          "inputs": [
            246
          ],
          "macc": 4608,
          "mapping": "NODE_SW",
          "name": "pool_10",
          "original_nodes": [
            "10"
          ],
          "outputs": [
            248
          ],
          "scratchs": [],
          "subgraph_nodes": [],
          "sw_functions": [
            "forward_ap_integer_INT8"
          ]
        },
        {
          "attributes": {
            "num_units": "16",
            "use_bias": "True"
          },
          "description": "Dense",
          "id": 39,
          "inputs": [
            248,
            294,
            297
          ],
          "macc": 528,
          "mapping": "NODE_SW",
          "name": "gemm_11",
          "original_nodes": [
            "11"
          ],
          "outputs": [
            250
          ],
          "scratchs": [
            345
          ],
          "subgraph_nodes": [],
          "sw_functions": [
            "forward_dense_integer_SSSA_ch"
          ]
        },
        {
          "attributes": {
            "num_units": "1",
            "use_bias": "True"
          },
          "description": "Dense",
          "id": 40,
          "inputs": [
            250,
            300,
            303
          ],
          "macc": 17,
          "mapping": "NODE_SW",
          "name": "gemm_12",
          "original_nodes": [
            "12"
          ],
          "outputs": [
            252
          ],
          "scratchs": [
            351
          ],
          "subgraph_nodes": [],
          "sw_functions": [
            "forward_dense_integer_SSSA"
          ]
        },
        {
          "attributes": {
            "nonlinearity": "lut",
            "param_fmt": "(SIGNED, 8 bit, C Size: 8 bits)",
            "params": "[-128, -128, -128, -128, -128, -128, -128, -128, -128, -128, -128, -128, -128, -128, -128, -128, -128, -128, -128, -128, -128, -128, -128, -128, -128, -128, -128, -128, -128, -128, -128, -128, -128, -128, -128, -128, -128, -128, -128, -128, -128, -128, -128, -128, -128, -128, -128, -128, -128, -128, -128, -128, -128, -128, -128, -128, -128, -128, -128, -128, -128, -128, -128, -128, -128, -128, -128, -128, -128, -128, -128, -128, -128, -128, -128, -128, -128, -128, -128, -128, -128, -128, -128, -128, -128, -128, -128, -128, -128, -128, -128, -128, -128, -128, -128, -128, -128, -128, -128, -128, -128, -128, -128, -128, -128, -128, -128, -128, -128, -128, -128, -128, -128, -128, -128, -128, -128, -128, -128, -128, -128, -128, -128, -128, -128, -128, -128, -128, -128, -128, -128, -128, -128, -128, -128, -128, -128, -128, -128, -128, -128, -128, -128, -128, -128, -128, -128, -128, -128, -128, -128, -128, -128, -128, -128, -128, -128, -128, -128, -128, -128, -128, -128, -128, -128, -128, -128, -128, -128, -128, 0, 127, 127, 127, 127, 127, 127, 127, 127, 127, 127, 127, 127, 127, 127, 127, 127, 127, 127, 127, 127, 127, 127, 127, 127, 127, 127, 127, 127, 127, 127, 127, 127, 127, 127, 127, 127, 127, 127, 127, 127, 127, 127, 127, 127, 127, 127, 127, 127, 127, 127, 127, 127, 127, 127, 127, 127, 127, 127, 127, 127, 127, 127, 127, 127, 127, 127, 127, 127, 127, 127, 127, 127, 127, 127, 127, 127, 127, 127, 127, 127, 127, 127, 127, 127, 127]"
          },
          "description": "Nonlinearity",
          "id": 41,
          "inputs": [
            252
          ],
          "macc": 1,
          "mapping": "NODE_SW",
          "name": "nl_13",
          "original_nodes": [
            "13"
          ],
          "outputs": [
            254
          ],
          "scratchs": [],
          "subgraph_nodes": [],
          "sw_functions": [
            "forward_nl_integer"
          ]
        },
        {
          "attributes": {},
          "description": "Conversion",
          "id": 42,
          "inputs": [
            254
          ],
          "macc": 2,
          "mapping": "NODE_SW",
          "name": "conversion_14",
          "original_nodes": [
            "14"
          ],
          "outputs": [
            256
          ],
          "scratchs": [],
          "subgraph_nodes": [],
          "sw_functions": [
            "node_convert_integer"
          ]
        }
      ],
      "original_inputs": [
        {
          "serving_default_keras_tensor_260": {
            "data_type": "uint8",
            "shape": "(BATCH: 1, H: 96, W: 96, CH: 3)"
          }
        }
      ],
      "original_outputs": [
        {
          "conversion_14": {
            "data_type": "uint8",
            "shape": "(BATCH: 1, CH: 1)"
          }
        }
      ],
      "outputs": [
        256
      ]
    }
  ],
  "json_schema_version": "2.0",
  "memory_footprint": {
    "activations": 74588,
    "io": [
      0,
      0
    ],
    "kernel_flash": 34282,
    "kernel_ram": 6020,
    "series": "stm32f4",
    "toolchain": "arm-none-eabi-gcc (GNU Tools for STM32 13.3.rel1.20240926-1715) 13.3.1 20240614",
    "toolchain_flash": 2116,
    "toolchain_ram": 0,
    "weights": 1836
  },
  "memory_pools": [
    {
      "address": "NULL",
      "alignment": 4,
      "attributes": {
        "latency": "HIGH",
        "score": 768,
        "throughput": "LOW"
      },
      "buffers": [
        220,
        222,
        224,
        226,
        228,
        230,
        232,
        234,
        236,
        238,
        240,
        242,
        244,
        246,
        248,
        250,
        252,
        254,
        256,
        309,
        315,
        321,
        327,
        333,
        339,
        345,
        351
      ],
      "id": 0,
      "name": "heap_overlay_pool",
      "offset_start": 0,
      "persistent": false,
      "rights": "ACC_WRITE",
      "size_bytes": -1,
      "subpools": [],
      "used_size_bytes": 74588,
      "user_allocated": false,
      "virtual": false
    },
    {
      "address": "s_deep_weights_array_u64",
      "alignment": 0,
      "attributes": {
        "latency": "UNDEF",
        "score": 0,
        "throughput": "UNDEF"
      },
      "buffers": [
        258,
        261,
        264,
        267,
        270,
        273,
        276,
        279,
        282,
        285,
        288,
        291,
        294,
        297,
        300,
        303
      ],
      "id": 1,
      "name": "weights_array",
      "offset_start": 0,
      "persistent": true,
      "rights": "ACC_READ",
      "size_bytes": -1,
      "subpools": [],
      "used_size_bytes": 1836,
      "user_allocated": false,
      "virtual": false
    }
  ]
}