{
    "activations": {
        "heap_overlay_pool": {
            "activation_alignment": 4,
            "buffer_data_size": 0,
            "buffer_offsets": [
                {
                    "buffer_name": "serving_default_keras_tensor_260_output_array",
                    "offset": 46736,
                    "size": 27648
                },
                {
                    "buffer_name": "conversion_0_output_array",
                    "offset": 46736,
                    "size": 27648
                },
                {
                    "buffer_name": "conv2d_1_pad_before_output_array",
                    "offset": 17920,
                    "size": 28813
                },
                {
                    "buffer_name": "conv2d_1_output_array",
                    "offset": 46848,
                    "size": 27648
                },
                {
                    "buffer_name": "conv2d_2_output_array",
                    "offset": 0,
                    "size": 73728
                },
                {
                    "buffer_name": "pool_3_output_array",
                    "offset": 0,
                    "size": 18432
                },
                {
                    "buffer_name": "conv2d_4_pad_before_output_array",
                    "offset": 18432,
                    "size": 20000
                },
                {
                    "buffer_name": "conv2d_4_output_array",
                    "offset": 38432,
                    "size": 18432
                },
                {
                    "buffer_name": "conv2d_5_output_array",
                    "offset": 192,
                    "size": 36864
                },
                {
                    "buffer_name": "pool_6_output_array",
                    "offset": 37056,
                    "size": 9216
                },
                {
                    "buffer_name": "conv2d_7_pad_before_output_array",
                    "offset": 0,
                    "size": 10816
                },
                {
                    "buffer_name": "conv2d_7_output_array",
                    "offset": 11412,
                    "size": 9216
                },
                {
                    "buffer_name": "conv2d_8_output_array",
                    "offset": 20628,
                    "size": 18432
                },
                {
                    "buffer_name": "pool_9_output_array",
                    "offset": 0,
                    "size": 4608
                },
                {
                    "buffer_name": "pool_10_output_array",
                    "offset": 4608,
                    "size": 32
                },
                {
                    "buffer_name": "gemm_11_output_array",
                    "offset": 224,
                    "size": 16
                },
                {
                    "buffer_name": "gemm_12_output_array",
                    "offset": 32,
                    "size": 1
                },
                {
                    "buffer_name": "nl_13_output_array",
                    "offset": 0,
                    "size": 1
                },
                {
                    "buffer_name": "conversion_14_output_array",
                    "offset": 4,
                    "size": 1
                },
                {
                    "buffer_name": "conv2d_1_scratch0_array",
                    "offset": 46736,
                    "size": 112
                },
                {
                    "buffer_name": "conv2d_2_scratch0_array",
                    "offset": 74496,
                    "size": 92
                },
                {
                    "buffer_name": "conv2d_4_scratch0_array",
                    "offset": 0,
                    "size": 297
                },
                {
                    "buffer_name": "conv2d_5_scratch0_array",
                    "offset": 0,
                    "size": 192
                },
                {
                    "buffer_name": "conv2d_7_scratch0_array",
                    "offset": 10816,
                    "size": 593
                },
                {
                    "buffer_name": "conv2d_8_scratch0_array",
                    "offset": 0,
                    "size": 384
                },
                {
                    "buffer_name": "gemm_11_scratch0_array",
                    "offset": 0,
                    "size": 224
                },
                {
                    "buffer_name": "gemm_12_scratch0_array",
                    "offset": 0,
                    "size": 32
                }
            ],
            "data_alignment": 4,
            "pool_id": 0,
            "pool_size": -1,
            "used_size": 74588
        }
    },
    "activations_alignment": 4,
    "arguments": "generate --target stm32f4 --name deep -m C:/Users/vaspa/Downloads/deepfake_detection_quantized.tflite --compression none --verbosity 1 --workspace C:/Users/vaspa/AppData/Local/Temp/mxAI_workspace2664232401393009464034553559324805 --output C:/Users/vaspa/.stm32cubemx/deep_output",
    "c_activations_count": 1,
    "c_arrays": [
        {
            "c_bits": 32,
            "c_id": 0,
            "c_mem_pool": "weights",
            "c_size_in_byte": 12,
            "c_type": "const s32",
            "format": "s32",
            "is_const": true,
            "mem_pool": "weights",
            "n_items": 3,
            "name": "conv2d_1_bias_array",
            "offset": 28,
            "scale": [],
            "size": 3,
            "tensors": [
                {
                    "name": "conv2d_1_bias",
                    "shape": [
                        3
                    ]
                }
            ],
            "zeropoint": [],
            "zeros": 0
        },
        {
            "c_bits": 8,
            "c_id": 1,
            "c_mem_pool": "**default**",
            "c_size_in_byte": 27648,
            "c_type": "s8",
            "format": "s8",
            "is_const": false,
            "mem_pool": "activations",
            "n_items": 27648,
            "name": "conv2d_1_output_array",
            "offset": 46848,
            "scale": [
                4.4601149559021
            ],
            "size": 27648,
            "tensors": [
                {
                    "name": "conv2d_1_output",
                    "shape": [
                        96,
                        96,
                        3
                    ]
                }
            ],
            "zeropoint": [
                62
            ]
        },
        {
            "c_bits": 8,
            "c_id": 2,
            "c_mem_pool": "**default**",
            "c_size_in_byte": 28813,
            "c_type": "s8",
            "format": "s8",
            "is_const": false,
            "mem_pool": "activations",
            "n_items": 28812,
            "name": "conv2d_1_pad_before_output_array",
            "offset": 17920,
            "scale": [
                1.0
            ],
            "size": 28812,
            "tensors": [
                {
                    "name": "conv2d_1_pad_before_output",
                    "shape": [
                        98,
                        98,
                        3
                    ]
                }
            ],
            "zeropoint": [
                -128
            ]
        },
        {
            "c_bits": 8,
            "c_id": 3,
            "c_mem_pool": "**default**",
            "c_size_in_byte": 112,
            "c_type": "s8",
            "format": "s8",
            "is_const": false,
            "mem_pool": "activations",
            "n_items": 112,
            "name": "conv2d_1_scratch0_array",
            "offset": 46736,
            "scale": [],
            "size": 112,
            "tensors": [
                {
                    "name": "conv2d_1_scratch0",
                    "shape": [
                        1,
                        1,
                        112,
                        1
                    ]
                }
            ],
            "zeropoint": []
        },
        {
            "c_bits": 8,
            "c_id": 4,
            "c_mem_pool": "weights",
            "c_size_in_byte": 27,
            "c_type": "const s8",
            "format": "s8",
            "is_const": true,
            "mem_pool": "weights",
            "n_items": 27,
            "name": "conv2d_1_weights_array",
            "offset": 0,
            "scale": [
                0.004081656225025654,
                0.004437102470546961,
                0.005644471850246191
            ],
            "size": 27,
            "tensors": [
                {
                    "name": "conv2d_1_weights",
                    "shape": [
                        1,
                        3,
                        3,
                        3
                    ]
                }
            ],
            "zeropoint": [
                0,
                0,
                0
            ],
            "zeros": 0
        },
        {
            "c_bits": 32,
            "c_id": 5,
            "c_mem_pool": "weights",
            "c_size_in_byte": 32,
            "c_type": "const s32",
            "format": "s32",
            "is_const": true,
            "mem_pool": "weights",
            "n_items": 8,
            "name": "conv2d_2_bias_array",
            "offset": 64,
            "scale": [],
            "size": 8,
            "tensors": [
                {
                    "name": "conv2d_2_bias",
                    "shape": [
                        8
                    ]
                }
            ],
            "zeropoint": [],
            "zeros": 0
        },
        {
            "c_bits": 8,
            "c_id": 6,
            "c_mem_pool": "**default**",
            "c_size_in_byte": 73728,
            "c_type": "s8",
            "format": "s8",
            "is_const": false,
            "mem_pool": "activations",
            "n_items": 73728,
            "name": "conv2d_2_output_array",
            "offset": 0,
            "scale": [
                6.784325122833252
            ],
            "size": 73728,
            "tensors": [
                {
                    "name": "conv2d_2_output",
                    "shape": [
                        96,
                        96,
                        8
                    ]
                }
            ],
            "zeropoint": [
                -128
            ]
        },
        {
            "c_bits": 8,
            "c_id": 7,
            "c_mem_pool": "**default**",
            "c_size_in_byte": 92,
            "c_type": "s8",
            "format": "s8",
            "is_const": false,
            "mem_pool": "activations",
            "n_items": 92,
            "name": "conv2d_2_scratch0_array",
            "offset": 74496,
            "scale": [],
            "size": 92,
            "tensors": [
                {
                    "name": "conv2d_2_scratch0",
                    "shape": [
                        1,
                        1,
                        92,
                        1
                    ]
                }
            ],
            "zeropoint": []
        },
        {
            "c_bits": 8,
            "c_id": 8,
            "c_mem_pool": "weights",
            "c_size_in_byte": 24,
            "c_type": "const s8",
            "format": "s8",
            "is_const": true,
            "mem_pool": "weights",
            "n_items": 24,
            "name": "conv2d_2_weights_array",
            "offset": 40,
            "scale": [
                0.0056259892880916595,
                0.007978430017828941,
                0.00407471414655447,
                0.00931591633707285,
                0.010247851721942425,
                0.005954062566161156,
                0.014734312891960144,
                0.007357026915997267
            ],
            "size": 24,
            "tensors": [
                {
                    "name": "conv2d_2_weights",
                    "shape": [
                        8,
                        1,
                        1,
                        3
                    ]
                }
            ],
            "zeropoint": [
                0,
                0,
                0,
                0,
                0,
                0,
                0,
                0
            ],
            "zeros": 0
        },
        {
            "c_bits": 32,
            "c_id": 9,
            "c_mem_pool": "weights",
            "c_size_in_byte": 32,
            "c_type": "const s32",
            "format": "s32",
            "is_const": true,
            "mem_pool": "weights",
            "n_items": 8,
            "name": "conv2d_4_bias_array",
            "offset": 168,
            "scale": [],
            "size": 8,
            "tensors": [
                {
                    "name": "conv2d_4_bias",
                    "shape": [
                        8
                    ]
                }
            ],
            "zeropoint": [],
            "zeros": 0
        },
        {
            "c_bits": 8,
            "c_id": 10,
            "c_mem_pool": "**default**",
            "c_size_in_byte": 18432,
            "c_type": "s8",
            "format": "s8",
            "is_const": false,
            "mem_pool": "activations",
            "n_items": 18432,
            "name": "conv2d_4_output_array",
            "offset": 38432,
            "scale": [
                17.53484535217285
            ],
            "size": 18432,
            "tensors": [
                {
                    "name": "conv2d_4_output",
                    "shape": [
                        48,
                        48,
                        8
                    ]
                }
            ],
            "zeropoint": [
                3
            ]
        },
        {
            "c_bits": 8,
            "c_id": 11,
            "c_mem_pool": "**default**",
            "c_size_in_byte": 20000,
            "c_type": "s8",
            "format": "s8",
            "is_const": false,
            "mem_pool": "activations",
            "n_items": 20000,
            "name": "conv2d_4_pad_before_output_array",
            "offset": 18432,
            "scale": [
                6.784325122833252
            ],
            "size": 20000,
            "tensors": [
                {
                    "name": "conv2d_4_pad_before_output",
                    "shape": [
                        50,
                        50,
                        8
                    ]
                }
            ],
            "zeropoint": [
                -128
            ]
        },
        {
            "c_bits": 8,
            "c_id": 12,
            "c_mem_pool": "**default**",
            "c_size_in_byte": 297,
            "c_type": "s8",
            "format": "s8",
            "is_const": false,
            "mem_pool": "activations",
            "n_items": 297,
            "name": "conv2d_4_scratch0_array",
            "offset": 0,
            "scale": [],
            "size": 297,
            "tensors": [
                {
                    "name": "conv2d_4_scratch0",
                    "shape": [
                        1,
                        1,
                        297,
                        1
                    ]
                }
            ],
            "zeropoint": []
        },
        {
            "c_bits": 8,
            "c_id": 13,
            "c_mem_pool": "weights",
            "c_size_in_byte": 72,
            "c_type": "const s8",
            "format": "s8",
            "is_const": true,
            "mem_pool": "weights",
            "n_items": 72,
            "name": "conv2d_4_weights_array",
            "offset": 96,
            "scale": [
                0.005070643965154886,
                0.003438031766563654,
                0.004637734964489937,
                0.009748690761625767,
                0.004871791694313288,
                0.004112729802727699,
                0.005050037056207657,
                0.004769516177475452
            ],
            "size": 72,
            "tensors": [
                {
                    "name": "conv2d_4_weights",
                    "shape": [
                        1,
                        3,
                        3,
                        8
                    ]
                }
            ],
            "zeropoint": [
                0,
                0,
                0,
                0,
                0,
                0,
                0,
                0
            ],
            "zeros": 0
        },
        {
            "c_bits": 32,
            "c_id": 14,
            "c_mem_pool": "weights",
            "c_size_in_byte": 64,
            "c_type": "const s32",
            "format": "s32",
            "is_const": true,
            "mem_pool": "weights",
            "n_items": 16,
            "name": "conv2d_5_bias_array",
            "offset": 328,
            "scale": [],
            "size": 16,
            "tensors": [
                {
                    "name": "conv2d_5_bias",
                    "shape": [
                        16
                    ]
                }
            ],
            "zeropoint": [],
            "zeros": 0
        },
        {
            "c_bits": 8,
            "c_id": 15,
            "c_mem_pool": "**default**",
            "c_size_in_byte": 36864,
            "c_type": "s8",
            "format": "s8",
            "is_const": false,
            "mem_pool": "activations",
            "n_items": 36864,
            "name": "conv2d_5_output_array",
            "offset": 192,
            "scale": [
                10.515788078308105
            ],
            "size": 36864,
            "tensors": [
                {
                    "name": "conv2d_5_output",
                    "shape": [
                        48,
                        48,
                        16
                    ]
                }
            ],
            "zeropoint": [
                -128
            ]
        },
        {
            "c_bits": 8,
            "c_id": 16,
            "c_mem_pool": "**default**",
            "c_size_in_byte": 192,
            "c_type": "s8",
            "format": "s8",
            "is_const": false,
            "mem_pool": "activations",
            "n_items": 192,
            "name": "conv2d_5_scratch0_array",
            "offset": 0,
            "scale": [],
            "size": 192,
            "tensors": [
                {
                    "name": "conv2d_5_scratch0",
                    "shape": [
                        1,
                        1,
                        192,
                        1
                    ]
                }
            ],
            "zeropoint": []
        },
        {
            "c_bits": 8,
            "c_id": 17,
            "c_mem_pool": "weights",
            "c_size_in_byte": 128,
            "c_type": "const s8",
            "format": "s8",
            "is_const": true,
            "mem_pool": "weights",
            "n_items": 128,
            "name": "conv2d_5_weights_array",
            "offset": 200,
            "scale": [
                0.0070069171488285065,
                0.007106803357601166,
                0.005328614264726639,
                0.00666137645021081,
                0.0033481516875326633,
                0.009093265980482101,
                0.008023484610021114,
                0.006571033038198948,
                0.006036934442818165,
                0.008382401429116726,
                0.005748815834522247,
                0.010978516191244125,
                0.007090077735483646,
                0.009114732965826988,
                0.0064545366913080215,
                0.006445680744946003
            ],
            "size": 128,
            "tensors": [
                {
                    "name": "conv2d_5_weights",
                    "shape": [
                        16,
                        1,
                        1,
                        8
                    ]
                }
            ],
            "zeropoint": [
                0,
                0,
                0,
                0,
                0,
                0,
                0,
                0,
                0,
                0,
                0,
                0,
                0,
                0,
                0,
                0
            ],
            "zeros": 0
        },
        {
            "c_bits": 32,
            "c_id": 18,
            "c_mem_pool": "weights",
            "c_size_in_byte": 64,
            "c_type": "const s32",
            "format": "s32",
            "is_const": true,
            "mem_pool": "weights",
            "n_items": 16,
            "name": "conv2d_7_bias_array",
            "offset": 536,
            "scale": [],
            "size": 16,
            "tensors": [
                {
                    "name": "conv2d_7_bias",
                    "shape": [
                        16
                    ]
                }
            ],
            "zeropoint": [],
            "zeros": 0
        },
        {
            "c_bits": 8,
            "c_id": 19,
            "c_mem_pool": "**default**",
            "c_size_in_byte": 9216,
            "c_type": "s8",
            "format": "s8",
            "is_const": false,
            "mem_pool": "activations",
            "n_items": 9216,
            "name": "conv2d_7_output_array",
            "offset": 11412,
            "scale": [
                49.3680419921875
            ],
            "size": 9216,
            "tensors": [
                {
                    "name": "conv2d_7_output",
                    "shape": [
                        24,
                        24,
                        16
                    ]
                }
            ],
            "zeropoint": [
                -25
            ]
        },
        {
            "c_bits": 8,
            "c_id": 20,
            "c_mem_pool": "**default**",
            "c_size_in_byte": 10816,
            "c_type": "s8",
            "format": "s8",
            "is_const": false,
            "mem_pool": "activations",
            "n_items": 10816,
            "name": "conv2d_7_pad_before_output_array",
            "offset": 0,
            "scale": [
                10.515788078308105
            ],
            "size": 10816,
            "tensors": [
                {
                    "name": "conv2d_7_pad_before_output",
                    "shape": [
                        26,
                        26,
                        16
                    ]
                }
            ],
            "zeropoint": [
                -128
            ]
        },
        {
            "c_bits": 8,
            "c_id": 21,
            "c_mem_pool": "**default**",
            "c_size_in_byte": 593,
            "c_type": "s8",
            "format": "s8",
            "is_const": false,
            "mem_pool": "activations",
            "n_items": 593,
            "name": "conv2d_7_scratch0_array",
            "offset": 10816,
            "scale": [],
            "size": 593,
            "tensors": [
                {
                    "name": "conv2d_7_scratch0",
                    "shape": [
                        1,
                        1,
                        593,
                        1
                    ]
                }
            ],
            "zeropoint": []
        },
        {
            "c_bits": 8,
            "c_id": 22,
            "c_mem_pool": "weights",
            "c_size_in_byte": 144,
            "c_type": "const s8",
            "format": "s8",
            "is_const": true,
            "mem_pool": "weights",
            "n_items": 144,
            "name": "conv2d_7_weights_array",
            "offset": 392,
            "scale": [
                0.007549547124654055,
                0.007426649797707796,
                0.004938765428960323,
                0.005650689825415611,
                0.003241830738261342,
                0.00633623031899333,
                0.0075274077244102955,
                0.007870244793593884,
                0.006189507432281971,
                0.005689216312021017,
                0.0033385735005140305,
                0.006944736931473017,
                0.00606231065467,
                0.003614424029365182,
                0.00437972042709589,
                0.012416488490998745
            ],
            "size": 144,
            "tensors": [
                {
                    "name": "conv2d_7_weights",
                    "shape": [
                        1,
                        3,
                        3,
                        16
                    ]
                }
            ],
            "zeropoint": [
                0,
                0,
                0,
                0,
                0,
                0,
                0,
                0,
                0,
                0,
                0,
                0,
                0,
                0,
                0,
                0
            ],
            "zeros": 0
        },
        {
            "c_bits": 32,
            "c_id": 23,
            "c_mem_pool": "weights",
            "c_size_in_byte": 128,
            "c_type": "const s32",
            "format": "s32",
            "is_const": true,
            "mem_pool": "weights",
            "n_items": 32,
            "name": "conv2d_8_bias_array",
            "offset": 1112,
            "scale": [],
            "size": 32,
            "tensors": [
                {
                    "name": "conv2d_8_bias",
                    "shape": [
                        32
                    ]
                }
            ],
            "zeropoint": [],
            "zeros": 0
        },
        {
            "c_bits": 8,
            "c_id": 24,
            "c_mem_pool": "**default**",
            "c_size_in_byte": 18432,
            "c_type": "s8",
            "format": "s8",
            "is_const": false,
            "mem_pool": "activations",
            "n_items": 18432,
            "name": "conv2d_8_output_array",
            "offset": 20628,
            "scale": [
                18.730628967285156
            ],
            "size": 18432,
            "tensors": [
                {
                    "name": "conv2d_8_output",
                    "shape": [
                        24,
                        24,
                        32
                    ]
                }
            ],
            "zeropoint": [
                -128
            ]
        },
        {
            "c_bits": 8,
            "c_id": 25,
            "c_mem_pool": "**default**",
            "c_size_in_byte": 384,
            "c_type": "s8",
            "format": "s8",
            "is_const": false,
            "mem_pool": "activations",
            "n_items": 384,
            "name": "conv2d_8_scratch0_array",
            "offset": 0,
            "scale": [],
            "size": 384,
            "tensors": [
                {
                    "name": "conv2d_8_scratch0",
                    "shape": [
                        1,
                        1,
                        384,
                        1
                    ]
                }
            ],
            "zeropoint": []
        },
        {
            "c_bits": 8,
            "c_id": 26,
            "c_mem_pool": "weights",
            "c_size_in_byte": 512,
            "c_type": "const s8",
            "format": "s8",
            "is_const": true,
            "mem_pool": "weights",
            "n_items": 512,
            "name": "conv2d_8_weights_array",
            "offset": 600,
            "scale": [
                0.004266882780939341,
                0.004325938876718283,
                0.008495835587382317,
                0.003763834945857525,
                0.010528608225286007,
                0.005720579531043768,
                0.0064638289622962475,
                0.005000591278076172,
                0.013077853247523308,
                0.007369678001850843,
                0.00926284771412611,
                0.008180688135325909,
                0.005799777805805206,
                0.007442803122103214,
                0.008459125645458698,
                0.013272943906486034,
                0.01165242400020361,
                0.006566421128809452,
                0.005079061724245548,
                0.005824840161949396,
                0.012570326216518879,
                0.009434536099433899,
                0.00935119204223156,
                0.006812823936343193,
                0.009367261081933975,
                0.009832946583628654,
                0.008587383665144444,
                0.0061299982480704784,
                0.005628003738820553,
                0.0061762467958033085,
                0.006721557583659887,
                0.006809422746300697
            ],
            "size": 512,
            "tensors": [
                {
                    "name": "conv2d_8_weights",
                    "shape": [
                        32,
                        1,
                        1,
                        16
                    ]
                }
            ],
            "zeropoint": [
                0,
                0,
                0,
                0,
                0,
                0,
                0,
                0,
                0,
                0,
                0,
                0,
                0,
                0,
                0,
                0,
                0,
                0,
                0,
                0,
                0,
                0,
                0,
                0,
                0,
                0,
                0,
                0,
                0,
                0,
                0,
                0
            ],
            "zeros": 0
        },
        {
            "c_bits": 8,
            "c_id": 27,
            "c_mem_pool": "**default**",
            "c_size_in_byte": 27648,
            "c_type": "s8",
            "format": "s8",
            "is_const": false,
            "mem_pool": "activations",
            "n_items": 27648,
            "name": "conversion_0_output_array",
            "offset": 46736,
            "scale": [
                1.0
            ],
            "size": 27648,
            "tensors": [
                {
                    "name": "conversion_0_output",
                    "shape": [
                        96,
                        96,
                        3
                    ]
                }
            ],
            "zeropoint": [
                -128
            ]
        },
        {
            "c_bits": 8,
            "c_id": 28,
            "c_mem_pool": "**default**",
            "c_size_in_byte": 1,
            "c_type": "u8",
            "format": "u8",
            "io_type": "output",
            "is_const": false,
            "mem_pool": "activations",
            "n_items": 1,
            "name": "conversion_14_output_array",
            "offset": 4,
            "scale": [
                0.00390625
            ],
            "size": 1,
            "tensors": [
                {
                    "name": "conversion_14_output",
                    "shape": [
                        1
                    ]
                }
            ],
            "zeropoint": [
                0
            ]
        },
        {
            "c_bits": 32,
            "c_id": 29,
            "c_mem_pool": "weights",
            "c_size_in_byte": 64,
            "c_type": "const s32",
            "format": "s32",
            "is_const": true,
            "mem_pool": "weights",
            "n_items": 16,
            "name": "gemm_11_bias_array",
            "offset": 1752,
            "scale": [],
            "size": 16,
            "tensors": [
                {
                    "name": "gemm_11_bias",
                    "shape": [
                        16
                    ]
                }
            ],
            "zeropoint": [],
            "zeros": 0
        },
        {
            "c_bits": 8,
            "c_id": 30,
            "c_mem_pool": "**default**",
            "c_size_in_byte": 16,
            "c_type": "s8",
            "format": "s8",
            "is_const": false,
            "mem_pool": "activations",
            "n_items": 16,
            "name": "gemm_11_output_array",
            "offset": 224,
            "scale": [
                6.414129734039307
            ],
            "size": 16,
            "tensors": [
                {
                    "name": "gemm_11_output",
                    "shape": [
                        16
                    ]
                }
            ],
            "zeropoint": [
                -128
            ]
        },
        {
            "c_bits": 16,
            "c_id": 31,
            "c_mem_pool": "**default**",
            "c_size_in_byte": 224,
            "c_type": "s16",
            "format": "s16",
            "is_const": false,
            "mem_pool": "activations",
            "n_items": 112,
            "name": "gemm_11_scratch0_array",
            "offset": 0,
            "scale": [],
            "size": 112,
            "tensors": [
                {
                    "name": "gemm_11_scratch0",
                    "shape": [
                        1,
                        1,
                        112,
                        1
                    ]
                }
            ],
            "zeropoint": []
        },
        {
            "c_bits": 8,
            "c_id": 32,
            "c_mem_pool": "weights",
            "c_size_in_byte": 512,
            "c_type": "const s8",
            "format": "s8",
            "is_const": true,
            "mem_pool": "weights",
            "n_items": 512,
            "name": "gemm_11_weights_array",
            "offset": 1240,
            "scale": [
                0.0026120622642338276,
                0.008299561217427254,
                0.007936407811939716,
                0.008002621121704578,
                0.010059471242129803,
                0.0034197389613837004,
                0.006598024163395166,
                0.015755649656057358,
                0.010434230789542198,
                0.0031740590929985046,
                0.009338468313217163,
                0.0027096602134406567,
                0.0027157124131917953,
                0.009679349139332771,
                0.007168521638959646,
                0.0029926649294793606
            ],
            "size": 512,
            "tensors": [
                {
                    "name": "gemm_11_weights",
                    "shape": [
                        16,
                        32
                    ]
                }
            ],
            "zeropoint": [
                0,
                0,
                0,
                0,
                0,
                0,
                0,
                0,
                0,
                0,
                0,
                0,
                0,
                0,
                0,
                0
            ],
            "zeros": 0
        },
        {
            "c_bits": 32,
            "c_id": 33,
            "c_mem_pool": "weights",
            "c_size_in_byte": 4,
            "c_type": "const s32",
            "format": "s32",
            "is_const": true,
            "mem_pool": "weights",
            "n_items": 1,
            "name": "gemm_12_bias_array",
            "offset": 1832,
            "scale": [],
            "size": 1,
            "tensors": [
                {
                    "name": "gemm_12_bias",
                    "shape": [
                        1
                    ]
                }
            ],
            "zeropoint": [],
            "zeros": 0
        },
        {
            "c_bits": 8,
            "c_id": 34,
            "c_mem_pool": "**default**",
            "c_size_in_byte": 1,
            "c_type": "s8",
            "format": "s8",
            "is_const": false,
            "mem_pool": "activations",
            "n_items": 1,
            "name": "gemm_12_output_array",
            "offset": 32,
            "scale": [
                8.4516019821167
            ],
            "size": 1,
            "tensors": [
                {
                    "name": "gemm_12_output",
                    "shape": [
                        1
                    ]
                }
            ],
            "zeropoint": [
                42
            ]
        },
        {
            "c_bits": 16,
            "c_id": 35,
            "c_mem_pool": "**default**",
            "c_size_in_byte": 32,
            "c_type": "s16",
            "format": "s16",
            "is_const": false,
            "mem_pool": "activations",
            "n_items": 16,
            "name": "gemm_12_scratch0_array",
            "offset": 0,
            "scale": [],
            "size": 16,
            "tensors": [
                {
                    "name": "gemm_12_scratch0",
                    "shape": [
                        1,
                        1,
                        16,
                        1
                    ]
                }
            ],
            "zeropoint": []
        },
        {
            "c_bits": 8,
            "c_id": 36,
            "c_mem_pool": "weights",
            "c_size_in_byte": 16,
            "c_type": "const s8",
            "format": "s8",
            "is_const": true,
            "mem_pool": "weights",
            "n_items": 16,
            "name": "gemm_12_weights_array",
            "offset": 1816,
            "scale": [
                0.012006716802716255
            ],
            "size": 16,
            "tensors": [
                {
                    "name": "gemm_12_weights",
                    "shape": [
                        1,
                        16
                    ]
                }
            ],
            "zeropoint": [
                0
            ],
            "zeros": 0
        },
        {
            "c_bits": 8,
            "c_id": 37,
            "c_mem_pool": "**default**",
            "c_size_in_byte": 1,
            "c_type": "s8",
            "format": "s8",
            "is_const": false,
            "mem_pool": "activations",
            "n_items": 1,
            "name": "nl_13_output_array",
            "offset": 0,
            "scale": [
                0.00390625
            ],
            "size": 1,
            "tensors": [
                {
                    "name": "nl_13_output",
                    "shape": [
                        1
                    ]
                }
            ],
            "zeropoint": [
                -128
            ]
        },
        {
            "c_bits": 8,
            "c_id": 38,
            "c_mem_pool": "**default**",
            "c_size_in_byte": 32,
            "c_type": "s8",
            "format": "s8",
            "is_const": false,
            "mem_pool": "activations",
            "n_items": 32,
            "name": "pool_10_output_array",
            "offset": 4608,
            "scale": [
                6.439577579498291
            ],
            "size": 32,
            "tensors": [
                {
                    "name": "pool_10_output",
                    "shape": [
                        1,
                        1,
                        32
                    ]
                }
            ],
            "zeropoint": [
                -128
            ]
        },
        {
            "c_bits": 8,
            "c_id": 39,
            "c_mem_pool": "**default**",
            "c_size_in_byte": 18432,
            "c_type": "s8",
            "format": "s8",
            "is_const": false,
            "mem_pool": "activations",
            "n_items": 18432,
            "name": "pool_3_output_array",
            "offset": 0,
            "scale": [
                6.784325122833252
            ],
            "size": 18432,
            "tensors": [
                {
                    "name": "pool_3_output",
                    "shape": [
                        48,
                        48,
                        8
                    ]
                }
            ],
            "zeropoint": [
                -128
            ]
        },
        {
            "c_bits": 8,
            "c_id": 40,
            "c_mem_pool": "**default**",
            "c_size_in_byte": 9216,
            "c_type": "s8",
            "format": "s8",
            "is_const": false,
            "mem_pool": "activations",
            "n_items": 9216,
            "name": "pool_6_output_array",
            "offset": 37056,
            "scale": [
                10.515788078308105
            ],
            "size": 9216,
            "tensors": [
                {
                    "name": "pool_6_output",
                    "shape": [
                        24,
                        24,
                        16
                    ]
                }
            ],
            "zeropoint": [
                -128
            ]
        },
        {
            "c_bits": 8,
            "c_id": 41,
            "c_mem_pool": "**default**",
            "c_size_in_byte": 4608,
            "c_type": "s8",
            "format": "s8",
            "is_const": false,
            "mem_pool": "activations",
            "n_items": 4608,
            "name": "pool_9_output_array",
            "offset": 0,
            "scale": [
                18.730628967285156
            ],
            "size": 4608,
            "tensors": [
                {
                    "name": "pool_9_output",
                    "shape": [
                        12,
                        12,
                        32
                    ]
                }
            ],
            "zeropoint": [
                -128
            ]
        },
        {
            "c_bits": 8,
            "c_id": 42,
            "c_mem_pool": "**default**",
            "c_size_in_byte": 27648,
            "c_type": "u8",
            "format": "u8",
            "io_type": "input",
            "is_const": false,
            "mem_pool": "activations",
            "n_items": 27648,
            "name": "serving_default_keras_tensor_260_output_array",
            "offset": 46736,
            "scale": [
                1.0
            ],
            "size": 27648,
            "tensors": [
                {
                    "name": "serving_default_keras_tensor_260_output",
                    "shape": [
                        96,
                        96,
                        3
                    ]
                }
            ],
            "zeropoint": [
                0
            ]
        }
    ],
    "c_arrays_n": 43,
    "c_layers": [
        {
            "c_forward": [
                "node_convert_integer"
            ],
            "c_id": 0,
            "is_wrapped": "",
            "layer_type": "Conversion",
            "m_id": 0,
            "macc": 55296,
            "name": "conversion_0",
            "op_by_type": {
                "smul_u8_s8": 55296
            },
            "rom": 0,
            "tensors": {
                "inputs": [
                    "serving_default_keras_tensor_260_output"
                ],
                "outputs": [
                    "conversion_0_output"
                ],
                "scratchs": [],
                "weights": []
            },
            "weight_sparsity": [
                0.0,
                1,
                0
            ]
        },
        {
            "c_forward": [
                "forward_pad"
            ],
            "c_id": 1,
            "is_wrapped": "",
            "layer_type": "Pad",
            "m_id": 1,
            "macc": 0,
            "name": "conv2d_1_pad_before",
            "op_by_type": {
                "smul_s8_s8": 0
            },
            "rom": 0,
            "tensors": {
                "inputs": [
                    "conversion_0_output"
                ],
                "outputs": [
                    "conv2d_1_pad_before_output"
                ],
                "scratchs": [],
                "weights": []
            },
            "weight_sparsity": [
                0.0,
                1,
                0
            ]
        },
        {
            "c_forward": [
                "forward_dw_3x3_sssa8_ch"
            ],
            "c_id": 2,
            "is_wrapped": "",
            "layer_type": "Conv2D",
            "m_id": 1,
            "macc": 248835,
            "name": "conv2d_1",
            "op_by_type": {
                "smul_s8_s8": 248835
            },
            "rom": 39,
            "tensors": {
                "inputs": [
                    "conv2d_1_pad_before_output"
                ],
                "outputs": [
                    "conv2d_1_output"
                ],
                "scratchs": [
                    "conv2d_1_scratch0"
                ],
                "weights": [
                    "conv2d_1_weights",
                    "conv2d_1_bias"
                ]
            },
            "weight_sparsity": [
                0.0,
                30,
                0
            ]
        },
        {
            "c_forward": [
                "forward_pw_sssa8_ch"
            ],
            "c_id": 3,
            "is_wrapped": "",
            "layer_type": "Conv2D",
            "m_id": 2,
            "macc": 221192,
            "name": "conv2d_2",
            "op_by_type": {
                "smul_s8_s8": 221192
            },
            "rom": 56,
            "tensors": {
                "inputs": [
                    "conv2d_1_output"
                ],
                "outputs": [
                    "conv2d_2_output"
                ],
                "scratchs": [
                    "conv2d_2_scratch0"
                ],
                "weights": [
                    "conv2d_2_weights",
                    "conv2d_2_bias"
                ]
            },
            "weight_sparsity": [
                0.0,
                32,
                0
            ]
        },
        {
            "c_forward": [
                "forward_mp_integer_INT8"
            ],
            "c_id": 4,
            "is_wrapped": "",
            "layer_type": "Pool",
            "m_id": 3,
            "macc": 73728,
            "name": "pool_3",
            "op_by_type": {
                "smul_s8_s8": 73728
            },
            "rom": 0,
            "tensors": {
                "inputs": [
                    "conv2d_2_output"
                ],
                "outputs": [
                    "pool_3_output"
                ],
                "scratchs": [],
                "weights": []
            },
            "weight_sparsity": [
                0.0,
                1,
                0
            ]
        },
        {
            "c_forward": [
                "forward_pad"
            ],
            "c_id": 5,
            "is_wrapped": "",
            "layer_type": "Pad",
            "m_id": 4,
            "macc": 0,
            "name": "conv2d_4_pad_before",
            "op_by_type": {
                "smul_s8_s8": 0
            },
            "rom": 0,
            "tensors": {
                "inputs": [
                    "pool_3_output"
                ],
                "outputs": [
                    "conv2d_4_pad_before_output"
                ],
                "scratchs": [],
                "weights": []
            },
            "weight_sparsity": [
                0.0,
                1,
                0
            ]
        },
        {
            "c_forward": [
                "forward_dw_3x3_sssa8_ch"
            ],
            "c_id": 6,
            "is_wrapped": "",
            "layer_type": "Conv2D",
            "m_id": 4,
            "macc": 165896,
            "name": "conv2d_4",
            "op_by_type": {
                "smul_s8_s8": 165896
            },
            "rom": 104,
            "tensors": {
                "inputs": [
                    "conv2d_4_pad_before_output"
                ],
                "outputs": [
                    "conv2d_4_output"
                ],
                "scratchs": [
                    "conv2d_4_scratch0"
                ],
                "weights": [
                    "conv2d_4_weights",
                    "conv2d_4_bias"
                ]
            },
            "weight_sparsity": [
                0.0,
                80,
                0
            ]
        },
        {
            "c_forward": [
                "forward_pw_sssa8_ch"
            ],
            "c_id": 7,
            "is_wrapped": "",
            "layer_type": "Conv2D",
            "m_id": 5,
            "macc": 294928,
            "name": "conv2d_5",
            "op_by_type": {
                "smul_s8_s8": 294928
            },
            "rom": 192,
            "tensors": {
                "inputs": [
                    "conv2d_4_output"
                ],
                "outputs": [
                    "conv2d_5_output"
                ],
                "scratchs": [
                    "conv2d_5_scratch0"
                ],
                "weights": [
                    "conv2d_5_weights",
                    "conv2d_5_bias"
                ]
            },
            "weight_sparsity": [
                0.0,
                144,
                0
            ]
        },
        {
            "c_forward": [
                "forward_mp_integer_INT8"
            ],
            "c_id": 8,
            "is_wrapped": "",
            "layer_type": "Pool",
            "m_id": 6,
            "macc": 36864,
            "name": "pool_6",
            "op_by_type": {
                "smul_s8_s8": 36864
            },
            "rom": 0,
            "tensors": {
                "inputs": [
                    "conv2d_5_output"
                ],
                "outputs": [
                    "pool_6_output"
                ],
                "scratchs": [],
                "weights": []
            },
            "weight_sparsity": [
                0.0,
                1,
                0
            ]
        },
        {
            "c_forward": [
                "forward_pad"
            ],
            "c_id": 9,
            "is_wrapped": "",
            "layer_type": "Pad",
            "m_id": 7,
            "macc": 0,
            "name": "conv2d_7_pad_before",
            "op_by_type": {
                "smul_s8_s8": 0
            },
            "rom": 0,
            "tensors": {
                "inputs": [
                    "pool_6_output"
                ],
                "outputs": [
                    "conv2d_7_pad_before_output"
                ],
                "scratchs": [],
                "weights": []
            },
            "weight_sparsity": [
                0.0,
                1,
                0
            ]
        },
        {
            "c_forward": [
                "forward_dw_3x3_sssa8_ch"
            ],
            "c_id": 10,
            "is_wrapped": "",
            "layer_type": "Conv2D",
            "m_id": 7,
            "macc": 82960,
            "name": "conv2d_7",
            "op_by_type": {
                "smul_s8_s8": 82960
            },
            "rom": 208,
            "tensors": {
                "inputs": [
                    "conv2d_7_pad_before_output"
                ],
                "outputs": [
                    "conv2d_7_output"
                ],
                "scratchs": [
                    "conv2d_7_scratch0"
                ],
                "weights": [
                    "conv2d_7_weights",
                    "conv2d_7_bias"
                ]
            },
            "weight_sparsity": [
                0.0,
                160,
                0
            ]
        },
        {
            "c_forward": [
                "forward_pw_sssa8_ch"
            ],
            "c_id": 11,
            "is_wrapped": "",
            "layer_type": "Conv2D",
            "m_id": 8,
            "macc": 294944,
            "name": "conv2d_8",
            "op_by_type": {
                "smul_s8_s8": 294944
            },
            "rom": 640,
            "tensors": {
                "inputs": [
                    "conv2d_7_output"
                ],
                "outputs": [
                    "conv2d_8_output"
                ],
                "scratchs": [
                    "conv2d_8_scratch0"
                ],
                "weights": [
                    "conv2d_8_weights",
                    "conv2d_8_bias"
                ]
            },
            "weight_sparsity": [
                0.0,
                544,
                0
            ]
        },
        {
            "c_forward": [
                "forward_mp_integer_INT8"
            ],
            "c_id": 12,
            "is_wrapped": "",
            "layer_type": "Pool",
            "m_id": 9,
            "macc": 18432,
            "name": "pool_9",
            "op_by_type": {
                "smul_s8_s8": 18432
            },
            "rom": 0,
            "tensors": {
                "inputs": [
                    "conv2d_8_output"
                ],
                "outputs": [
                    "pool_9_output"
                ],
                "scratchs": [],
                "weights": []
            },
            "weight_sparsity": [
                0.0,
                1,
                0
            ]
        },
        {
            "c_forward": [
                "forward_ap_integer_INT8"
            ],
            "c_id": 13,
            "is_wrapped": "",
            "layer_type": "Pool",
            "m_id": 10,
            "macc": 4608,
            "name": "pool_10",
            "op_by_type": {
                "smul_s8_s8": 4608
            },
            "rom": 0,
            "tensors": {
                "inputs": [
                    "pool_9_output"
                ],
                "outputs": [
                    "pool_10_output"
                ],
                "scratchs": [],
                "weights": []
            },
            "weight_sparsity": [
                0.0,
                1,
                0
            ]
        },
        {
            "c_forward": [
                "forward_dense_integer_SSSA_ch"
            ],
            "c_id": 14,
            "is_wrapped": "",
            "layer_type": "Dense",
            "m_id": 11,
            "macc": 528,
            "name": "gemm_11",
            "op_by_type": {
                "smul_s8_s8": 528
            },
            "rom": 576,
            "tensors": {
                "inputs": [
                    "pool_10_output"
                ],
                "outputs": [
                    "gemm_11_output"
                ],
                "scratchs": [
                    "gemm_11_scratch0"
                ],
                "weights": [
                    "gemm_11_weights",
                    "gemm_11_bias"
                ]
            },
            "weight_sparsity": [
                0.0,
                528,
                0
            ]
        },
        {
            "c_forward": [
                "forward_dense_integer_SSSA"
            ],
            "c_id": 15,
            "is_wrapped": "",
            "layer_type": "Dense",
            "m_id": 12,
            "macc": 17,
            "name": "gemm_12",
            "op_by_type": {
                "smul_s8_s8": 17
            },
            "rom": 20,
            "tensors": {
                "inputs": [
                    "gemm_11_output"
                ],
                "outputs": [
                    "gemm_12_output"
                ],
                "scratchs": [
                    "gemm_12_scratch0"
                ],
                "weights": [
                    "gemm_12_weights",
                    "gemm_12_bias"
                ]
            },
            "weight_sparsity": [
                0.0,
                17,
                0
            ]
        },
        {
            "c_forward": [
                "forward_nl_integer"
            ],
            "c_id": 16,
            "is_wrapped": "",
            "layer_type": "Nonlinearity",
            "m_id": 13,
            "macc": 1,
            "name": "nl_13",
            "op_by_type": {
                "op_s8_s8": 1
            },
            "rom": 0,
            "tensors": {
                "inputs": [
                    "gemm_12_output"
                ],
                "outputs": [
                    "nl_13_output"
                ],
                "scratchs": [],
                "weights": []
            },
            "weight_sparsity": [
                0.0,
                1,
                0
            ]
        },
        {
            "c_forward": [
                "node_convert_integer"
            ],
            "c_id": 17,
            "is_wrapped": "",
            "layer_type": "Conversion",
            "m_id": 14,
            "macc": 2,
            "name": "conversion_14",
            "op_by_type": {
                "smul_s8_u8": 2
            },
            "rom": 0,
            "tensors": {
                "inputs": [
                    "nl_13_output"
                ],
                "outputs": [
                    "conversion_14_output"
                ],
                "scratchs": [],
                "weights": []
            },
            "weight_sparsity": [
                0.0,
                1,
                0
            ]
        }
    ],
    "c_name": "deep",
    "c_nodes_n": 18,
    "c_weights_count": 1,
    "c_weights_header": 0,
    "compilation_options": {
        "compression": "none",
        "optimization": "balanced",
        "options": [
            "allocate-inputs",
            "allocate-outputs"
        ]
    },
    "data_alignment": 4,
    "date_time": "2025-04-18T02:40:04+0530",
    "inputs": [
        "serving_default_keras_tensor_260_output"
    ],
    "macc": 1498231,
    "memory_footprint": {
        "activations": 74588,
        "io": [
            0,
            0
        ],
        "kernel_flash": 34282,
        "kernel_ram": 6020,
        "series": "stm32f4",
        "target": "stm32f4",
        "toolchain": "arm-none-eabi-gcc (GNU Tools for STM32 13.3.rel1.20240926-1715) 13.3.1 20240614",
        "toolchain_flash": 2116,
        "toolchain_ram": 0,
        "weights": 1836
    },
    "memory_pools": [],
    "model_fmt": "sa/ua per tensor",
    "model_name": "deepfake_detection_quantized",
    "model_signature": "0x8ca60c20bb15ac140b6348fcd929ba87",
    "outputs": [
        "conversion_14_output"
    ],
    "st_ai_version": "2.0.0-20049",
    "tool_version": "2.0.0-20049",
    "type": "tflite",
    "version": "1.2",
    "weights": {
        "weights_array": {
            "buffer_data_size": 1836,
            "buffer_offsets": [
                {
                    "buffer_name": "conv2d_1_weights_array",
                    "offset": 0,
                    "size": 27
                },
                {
                    "buffer_name": "conv2d_1_bias_array",
                    "offset": 28,
                    "size": 12
                },
                {
                    "buffer_name": "conv2d_2_weights_array",
                    "offset": 40,
                    "size": 24
                },
                {
                    "buffer_name": "conv2d_2_bias_array",
                    "offset": 64,
                    "size": 32
                },
                {
                    "buffer_name": "conv2d_4_weights_array",
                    "offset": 96,
                    "size": 72
                },
                {
                    "buffer_name": "conv2d_4_bias_array",
                    "offset": 168,
                    "size": 32
                },
                {
                    "buffer_name": "conv2d_5_weights_array",
                    "offset": 200,
                    "size": 128
                },
                {
                    "buffer_name": "conv2d_5_bias_array",
                    "offset": 328,
                    "size": 64
                },
                {
                    "buffer_name": "conv2d_7_weights_array",
                    "offset": 392,
                    "size": 144
                },
                {
                    "buffer_name": "conv2d_7_bias_array",
                    "offset": 536,
                    "size": 64
                },
                {
                    "buffer_name": "conv2d_8_weights_array",
                    "offset": 600,
                    "size": 512
                },
                {
                    "buffer_name": "conv2d_8_bias_array",
                    "offset": 1112,
                    "size": 128
                },
                {
                    "buffer_name": "gemm_11_weights_array",
                    "offset": 1240,
                    "size": 512
                },
                {
                    "buffer_name": "gemm_11_bias_array",
                    "offset": 1752,
                    "size": 64
                },
                {
                    "buffer_name": "gemm_12_weights_array",
                    "offset": 1816,
                    "size": 16
                },
                {
                    "buffer_name": "gemm_12_bias_array",
                    "offset": 1832,
                    "size": 4
                }
            ],
            "pool_size": -1,
            "used_size": 1836
        }
    }
}